tweet_bersih,Sentiment
jelek film ernest mutu banget actingnya film sampah,negative
film raja arthur film jelek cerita raja arthur,negative
film saya kasar bapak,negative
suka fast and furiousmenurutku jelek film,negative
saya film perang perang perang rupiah iya ambigu v,negative
tolong editingnya bagus kecewa film indonesia tunggu film,negative
kecewa salah aktor dukung nista agama ah sabar tonton film,negative
kecewa parah film the teman dear maaf to sayang this,negative
kecewa habis tonton film,negative
film memgecewakan hidup berekspektasi suka banget mesir kuno,negative
film jelek isi,negative
tonton film indonesia bioskop kartini critical eleven gambar kartini ale anya lemah,negative
tonton film miris jaman jaman bangsa bodoh serakah gila kawin ironis,negative
by the way danur jelek banget tonton hans saya bayang film wkwk,negative
film kartini singkat tonton baca biografi kartini bingung baca bukuny,negative
habis tonton the teman kecewa tonton film banding film anjlok,negative
tonton film alien kecewa ragu tonton,negative
satusatunya rugi tonton film action aktor jelek p,negative
film baguskelompoknya doang kasih harga tonton jelek,negative
sudah hidup singkat dihabisken tonton film jelek,negative
film raja arthur jelek bagus cenderung mudah lupa,negative
jelek ah jelek film dimension rilis akting,negative
aduh film ribet banget,negative
durasi film terlalu alur datar selesai,negative
adegan potong rusak film,negative
selesai tonton film goal turun kualitas film drastis parah,negative
ingat film beda buku kecewa teman ajak tonton black bulter,negative
tidak mau tonton kecewa film,negative
kecewa berat film power rangers ekspektasi banget,negative
bahas film angkat novel film puas,negative
salah akting prilly film danur oke oke greget cerita kuat,negative
habis tonton film balap mobil itutertidur menit lelah bosan,negative
the mummy film aneh tengah film,negative
aneh film besut marvel postcredit scene nyakaya film habis tonton,negative
film norak,negative
film critical eleven rusak citra ale anya kepala,negative
suka filmfilm romantis jadi,negative
balik novel angkat film sesungguhny campur tangan produser sok embel jual,negative
respect laku dian sastro film hambar mutu,negative
sebnarnya film lumyan bgussayangnya aktor aktris rusia film hambar,negative
nol film perempuan seksi bumbu cinta hambar,negative
insidious creepy tegang film datar pengaruh,negative
saya tonton film homo rumit,negative
sayang banget film lokal bagus budgetnya layar tonton batas banget sayang banget,negative
film tonton saya derita,negative
saya tonton the mummy film bagus bioskop sesal,negative
malam tonton film pagi unduh malam langsung tonton begadang hasil kecewa,negative
takut kecewa tonton film danur takut sesuai ekspetasi buku pikir serius,negative
tonton alien covenant mal kayak tonton baja parah skip mati mati jelek parah film bagus jelek,negative
saya orang jarang banget tonton film indonesiakrn tonton saya kecewa buat film saya totalitas,negative
ragu tonton banyak kecewa tonton film adaptasi novel,negative
berekspektasi film angkat buku kecewa,negative
tidur kecewa film diharepin hufy,negative
kecewa film tunggu,negative
kakak tonton kecewa tonton film,negative
jenuh tonton film hambar,negative
sesal dada tonton film,negative
warganet batal tonton film kartini gara gara laku,negative
film jelek isi,negative
film aneh,negative
aneh film baru conan kali spektakuler openingnya hancur gedung,negative
film emosional benerbener nyedot emosi,negative
film busuk artis dungu rusak bineka,negative
kecewa plot cerita film the teman cerita akan lompat proses visual erti amira suka alf,negative
jijik banget film pas kelinci gede nightmare parah,negative
film mummy jelek pdahl tonton,negative
film jelek daur ulang gagal imdb ratattote ratingnya anjlok turut suka film,negative
naruto film bodoh tertawa,negative
saya ekspektasinya film kuat narasi saya jadi motivasi kalimat inspiratifnya,negative
film e hambar,negative
film the mummy saya sesuai harap film aneh film tipe bang tom,negative
kira film wkwk tonton kecewaa,negative
jelek film teman filmya bagus teman maju,negative
habis tonton raja arthur teman saya pesan tonton film jelek percaya pesan unsur,negative
kadang gampang nilai film jelek ketimbang nilai film bagus,negative
film jijk,negative
film kartini menang main film kelas nama cerita riset,negative
ajar sejarah konflik tampil film kartini kayak penuh ekspektasi,negative
film sensor hambar,negative
moga busuk kayak film,negative
film arah tuju sesal unduh sabar uji tonton hangout film,negative
tonton film hambarr,negative
erti film the mummy,negative
kecewa deh pokok jam tayang erti film cut erti,negative
novel favorit film hasil kecewa parah teaser tim cewek serius film,negative
inti kemarin kecewa banget mmbiarkan anak tonton film dewasa jam tayang malam indonesia barat,negative
aduh film jijk parah,negative
kecewa parah tonton film the teman kesini radit film lucu jalan cerita gadapet,negative
kecewa film danur ekspektasi,negative
hancur banget film jelekk,negative
film jelekk bingittsss,negative
film hangout kecewaa,negative
film kamar jelekk,negative
film ngehek seriesnya ngehek,negative
suka film cewek terllu buka tampil tonton anak,negative
buried film budget murah tingkat depresi tinggi,negative
film pikir tonton film isi anak sesal,negative
gila film britney ever after jelek banget parah sesal tonton habis,negative
film danur novel harap seram boring maaf kakak perempuan novel bagus,negative
saya tonton film setan indonesia thur kecewa murah ngandelin sex,negative
keren bang film sahabat keluarga cinta kental banget tokoh main pas keren bang,positive
habis tonton film kong skull island lumayan greget film deh layak tonton bareng,positive
bravo main bagus sudut pandang cerita tarik film tonton perempuan lelaki,positive
habis tonton film bagus banget haruuuu,positive
bangga suka film kandung makna rajawali citra televisi indonesia,positive
film dramatis laris,positive
film kartini lambat nontonnya film bagus bangetkalian sukses mendeliver cerita pesan good job teman,positive
menang film kartini,positive
pokok tonton film kartini asli keren tonton bioskop buat susah,positive
film divergent seru ah selesai,positive
get out cepat tonton lebih baik tonton fast furious,positive
suka video trailer film the teman bioskop april,positive
banyak nang selera kagum film,positive
terima kasih mas tim danur film keren bangetbuat teman tonton sila tonton rekomended,positive
film horor indonesia laris tonton tayang maret,positive
tambah film indonesia favorite baca buku tonton kecewa bagus,positive
coba tonton film deh asyik parah,positive
tonton get out ekspektasi tarik film jordan peele puas keren parah film sakit jiwa,positive
cari film comedy recomended lucu parah asli,positive
cek tread film kenal asyik tonton temu film bagus,positive
film bagus banget bioskop judul ziarah film indonesia patut apresiasi,positive
critical eleven film bagus cerita main gambar bagus puas banget nontonnya,positive
film ziarah layak tonton peluk sutradara sukses arah per mbah sri peran umur,positive
tunggu tahun film,positive
satu film indonesia saya tunggu banget tonton lihat film langsung gagal move on tonton,positive
bangga kali lipat film perdana ledak pasar catat film laris,positive
mbah cucu barusan tonton night bus gila keren tinggal layar bandung mbah kasihan,positive
film indonesia baik tonton putar bioskop mei catat telepon genggam tonton pertama,positive
kagum banget film the teman raditya kawan kawan kocak banget,positive
papa mama tonton critical film indonesiamereka film bagus terima kasih,positive
sumpah film danur bagus banget film nyata benerseru ngageting,positive
tonton the teman pilih tonton film action seru cocok tani pas long pekan,positive
tonton film the teman film tertawa habis sedih film paket komplit sukses,positive
sumpah film bagus banget tonton berkalikali bosan film the teman inspirasi tnx bang film,positive
tonton kartini banget tonton film korea judul obsessed huehe,positive
menang gara gara tonton film kartini epic banget,positive
film ziarah muat lap hidup cinta sejarah misteri simak,positive
film kartini tonton umur film hibur didik inspirasi,positive
film sejarah jarang negara baca sejarah enggan tonton film kartini,positive
kerja film sungguh main produksi selamat mas,positive
lapor mbah film keren worth to watch syukur instrospeksi habis tonton,positive
terima kasih for today film bagus banget feel lucu tertawa amazing pokok,positive
film ziarah amat keren bangga layak oscar,positive
barusan banget selesai tonton film lokal saya tonton hasil menang bawa speechless lihat akting,positive
bahagia temu film keren,positive
film kartini bagus banget wajib tonton,positive
minggu tonton review senang film horor indonesia bagus,positive
inspirasi juang junjung nilai benar dominasi kuasa kaku budaya,positive
film horor film danur rujuk ringan takut,positive
moral petik film wonder woman salah satu jaga aurat cowok hidung belang,positive
film horor indonesia dapat dapat tiket,positive
trust me tipe film nyaman nikmat film mana baca sanasini beda,positive
tonton film berbudget minim hasil sungguh tk duga jenius pikir brulang,positive
salah film simple hasil aneh film critical acclaim,positive
bahagia film bagus tonton tugas guru guru bagus,positive
pokok tonton film kartini asli keren tonton bioskop buat susah,positive
film kartini bagus banget belah menang film resah tonton,positive
film keren falsafah hidup salut,positive
malesan ajak lihat the teman duit terbang pasca tonton hangout eh beda tjoy film keren,positive
minta buka warganet indonesia sempat tonton film ziarah salah baik,positive
ngiang film critical eleven tuhan betapa ajar tonton hemmmm,positive
habis lihat film kartini biasapemikiran gera kartini lanjut,positive
layak apresiasi gading retak retak samar film bagus,positive
film danur kes sosok asih ekspresi datar penasaran,positive
danur seru banget film tonton harap tonton,positive
filmfilm cocok kamu tonton bareng anak yuk tonton film kualitas indonesia,positive
saya tonton bang sumpah pecah banget film hasil mewek nontonnya,positive
film komedi lucu banget bahasa jawa,positive
khawatir lihat film adaptasi novel takut sesuai ekspektasi speechless,positive
salah film bosan tonton kali the intern a lovely film,positive
nysel tonton vlog mu the teman akhrnya bayar film mu bang kern kali serius,positive
habis tonton gila premis keren film,positive
selamat koh ernes menang film cek toko belah kuat agam seragam,positive
film keren banget bang keluarga cinta sahabat komedi banget sumpah cinta alf,positive
scene rezaadinia gold momen dua takdir pasang pulang cocok film,positive
film keren main gembira tonton menang,positive
jarang tonton film indonesia judul syahadat cinta bagus pirsa recommended jalan cerita seru oh,positive
astagah film favorit lanjut,positive
move on ajar buku adaptasi film sama kualitas,positive
tonton critical eleven senang masuk kategori film indonesia wajib tonton,positive
coba tonton film deh asyik parah,positive
film keren,positive
suka film sebentar tarik,positive
sabar tunggu bluray spesial feature keren lucu bloopernya,positive
film the teman wajib tonton sayang orang tua sahabat creatif cinta bebas keren banget kak,positive
film the teman keren habis bang lucu romance sedih,positive
vlog tunggu tanggal rilis tonton kece banget cerita tebak film the teman,positive
kemarin tonton film the teman situ rasa banget sahabat segalay bang film keren,positive
kartini pemamarannya sederhana film enak nikmat,positive
habis tonton film kartini inspirasi buka pikir,positive
tonton kartini salah film nasional recommended tonton menang campur aduk,positive
film kartini niat banget lihat film keren mana scene titik air mata,positive
kartini salah film indonesia tema sejarah baik garap serius tema relevan kondisi,positive
film kartini tonton generasi muda,positive
turut danur bagus bangga film horor hasil karya bangsa,positive
fargo adaptasi film hasil season the best,positive
wow keren film horor tonton gin,positive
film tenang hanyut salut mbah ponco bawa karakter mbah sri,positive
film tarik kisah cinta setia saji kangen nenek recomended film,positive
tonton film bagus kali menit tonton anjak ngliatin layar film selesai spicles,positive
