tweet_bersih,label_sentimen
astaga sekolah offline,-1
sekolah offline bosan sekolah offline saya bosan,-1
sekolah offline semangat jojooo,1
unty hai yuk sekolah offline kayak semangat ajar sekolah pikir pikir,1
sch hai teman teman sender ptm kali sekolah alias masuk takut percaya semangat offline daring,-1
adik sekolah offline kakak tahan meja ajar suap kucing,0
sekolah offlineonline,0
sekolah offline papay guyss,-1
pagi sekolah offlineonline,0
sch wtp sender sekolah offline semangat daring offline,1
offline sekolah orang heboh rumah sekolah,1
saya sekolah offline bawa malas waka mentwit i think im oke,-1
sekolah offline,0
sekolah offline tidur jam,0
adik sekolah offline sarapannyaa jam seginiii,1
pagi moots cung sekolah offline,1
sekolah offline,0
sekolah daring offline nin,0
wahhhh sekolah offline daring ai,0
rumah adik jadwal sekolah offline wkwk,1
saya sekolah offline,0
sebal banget dahhh pagi sekolah offline eh hujan motor oi masuk angin,1
sekolah offline saya tidur,-1
pagi moots sekolah daring offline offline,1
hsjahskah sekolah offline rasa banget selesainyaa stres saya,-1
hai bestie saya sekolah offline,1
saya bolos sekolah offline njg,-1
sekolah offline daring,0
ptm kadang malas bangun pagipagi biasa daring masuk jam pas offline set berangkat sekolah badan tempel kasur,-1
sekolah offline,1
sekolah neng daring saya tangkap serius kerja seru offline,0
lowong kerja kolong meja offline isi buku pinjeman pus sekolah bawa buku catat,1
anjing besok sekolah offline aduh,-1
kangen sekolah offline,0
langit kah engkau turun hujan petir besok malas sekolah offline,-1
schapp sch besok sekolah offline takut teman teman kelas nge circle,-1
cantik kali pundipundi uang sok terima kasih pandemi saya ngoleksi skinker andai saya lulus sekolah offline muka hideung dekil gakaruan uang pindah haluan nasi warung tegal skinker aga sesal saya duit utuh gadubeli,0
sekolah pulang alias gapengen sekolah offline,-1
tahu lomba offline sekolah lomba daring serti kayak lomba offline tingkat nasional diadain universitas indonesia pakai correct me if i am wrong,0
besok pagi masuk sekolah offline sekaranh tidur,0
sekolah offline,1
besok sekolah offline gilir genapppp,1
iyaah aman xd wkwk hayo biasa biasa bangun jam sekolahkuliah offline,1
menang kayak pas normal offline sekolah bangtan comeback po album fullpay gara gara sibuk rl rasa banget rilis arrived ina santai kayak banget,0
sok tomorrow finally offline school i do not know to react umum days ago saya cari alat sekolah gaktau ada sekolah,0
semenjak sekolah offline stres,-1
pikir kayak banget bilang handphone teross pegang handphone sekolah kayak iya sekolah offline pagi sore diam seko pegang handphone malemnya pegang handphone,1
sekolah offline tidur,-1
besok sekolah offline,1
sekolah offline full kelas rumah teman senang banget having fun bestie avv,1
sekolah offline eh kayak saya doang,-1
orangorang benci sekolah offline keluh pribadi pikir normal,1
lebih baik biasa sekolah daring kayak doa moga p word panjang ayo sekolah offline sila nama home schooling,1
sekolah offline kayak mentally unstable,-1
adik saya cari tas sekolah besok offline,0
masuk lihat kknya sekolah tk ikut ku masuk didik anak usia offline bunda,1
besok sekolah offline tugas video masak,1
efek antuk ayo kawan tidur malam malam gutnait tidur besok sekolah offline saya vi,1
kak kayak abang daring abang offline kayak sekolah iya,0
gek adaptasi sekolah daring offline aduh,-1
saya sekolah offline kelas ramai banget saya nimbrung obrol diam malu heboh pas kelas,0
tugas saya sekolah offline heran deh,-1
malas banget besok sekolah offline,-1
sekaliii semangat jalan sekolah offline capai tambah x lipat sedih banget biasa kali wkwk offline paham materi,1
aduh enak sekolah daring offline seperti malas banget mandi pagi sarap tidur tertawa,-1
stase anak obgyn ipd jaga pagi yuk yuk corona ilaaangg aktivitas kuliah sekolah normal vaksinasi anak coba kelas offline siswa iya kak sekolah daring bego,1
jujur suka daring masuk materi suasana sekolah suka offline,0
semenjak sekolah offline tidur bangun pagi capek banget,-1
tahun doang offline and lumayan an sayang duid anjirun biaya sekolah mahal saya beban,0
saya takut besok pas masuk sekolah mata bengkak anjing sekolah offline guru mata habis nangisin cowok au bu binggung guru,-1
please tidur besok kali sekolah offline abad,-1
capek sekolah offline,-1
allah besok ulang bio offline daring offline erti sekolah ulang pakai handphone nasib ku gimaneee ajar bolsi kirim video jeongwoo jihoon belajarr,-1
enak asli beli jual keliling jarang kadang sekolah offline pas pulang beli,1
sekolah offline cocok manusia lupa untung teman kerja rumah mampoes,-1
sekolah offline kamu teman deobi kelas,0
pas offline pakai tab sekolah pakai buka youtube rekreasi,0
study progress tua oct hai hai maaf jarang banget up progress offline jadwal padat buka twitter sekolah ulhar bio sksk by the way chemistry and math for my tuesday rest well teman,-1
dengar gedung kosong dulunya sekolah offline siap basa basi,0
suruh jam set malam suruh selesai besok besok masuk sekolah offline,0
lal sekolah offline,0
janlup istirahat yin sekolah campur kadang offlineonline anw goodnite,0
besok masuk sekolah offline malas,-1
by the way teman teman sekolah offline iya,1
sesal saya masuk sekolah offline digibahin guru kantor,-1
besok sekolah offline,-1
saya bagi sekolah offline ulang,-1
hiiii kak chitaaaaa capek banget sekolah offline huhu,-1
au feeling blue saya gatauu lanjut kena writers blok cari jadi pas sekolah offline nyata au,1
haloo junnie junnie besok minggu junnie pas offline sekolah tidaaaa junnie off junnie selesai pas maaf caratdeul semuaa oh iya pas pas junnie doa c,0
sekolah offline capek iya,-1
besok sekolah offline,0
study tour ada sekolah offline pas kelas kelas daring kelas ptm,1
kelas sekolah offline daring suka sekolah offline daring,0
offline capek banget saya sekolah badan jompo kagok,-1
sa daerah daring semester maret agustus offline pas daring web sekolahwa kasih file materi kadang kirim wa pakai zoomgmeetgcrdsb,1
ihhb sekolah offline rena sakit daring rena sakit,-1
ren tukar yuk sekolah daring sekolah offline,-1
apa sekolah offline,1
sekolah offline sesi siang kali capek banget pusing,-1
sekolah daring orang offline,0
alas utama saya sekolah offline disuruhsuruh benci anak cowok laku kayak raja anak cewek like a babu,1
sekolah offline akksjksjsks sibuk banget,-1
walah sekolah offline,0
sekolah offline otak jalan,1
makan pas sekolah offline tulis pakai aksara sunda,1
jujur sekolah offline seru wlupun canggung ketemu seengganya saya rumah,1
sekolah offline sekolah pilih kayak off off on on,-1
aaaaa lari besok sekolah offline,-1
besok sekolah offline,0
kadang sekolah offline rumah sepi pikir offline ongkos ojek,0
buka yttiktokigtwitternonton filmmain game sekolah offline pakai kouta,1
sekolah offline pilih jam kosong,1
rindu lupa mana masuk sekolah offline seru seru papa bibi ku tinggal sakit jantung,1
sekolah offline,1
bawa kecuali pas sekolah offline larang bawa bekal,1
bicara mama pas sekolah offline pulang sekolah mama sekolah teman teman mama suruh pindah sesi pagi bilangny entar lihat minggu,-1
asyik sekolah offline,0
suka sekolah offline daring,0
banget pas pikir sekolah offline degan melulu,-1
unty istirahat ji capek habis sekolah offline,-1
sebentar sekolah offline musowoooowoowowwo,-1
oh my god rabu saya sekolah offline,1
besok saya sekolah offline weh private class,1
anjing mampus besok sekolah offline kaos kaki putih hilang mana,-1
kali sekolah offline kali,0
sekolah offline,0
anjing gah sekolah offline sesak ramangkat ah,-1
anjing sekolah offline guru ngelunjak kasih tugas,-1
fess senang banget sekolah offline jajan sekolah dasar,1
sekolah offline,-1
schapp siswa kelas sekolah offline pulang sekolah antuk banget tidur ajar utbk kasih tips lawan kantuk fokus ajar for your information orang ajar malam fokus,1
habis sekolah bersih bersih kelas awal november offline bakalll sibukkkk,-1
sekolah offline,-1
sekolah onlineoffline jam pekan jam an,0
suka sekolah offline daring,0
anak twitter masuk sekolah offline pas pinjam hapus teman mjb nderkamu hapus teman satu nyaut mmf ikut nimbrung,1
sch sekolah seleksi seleksi geografi ajar bimbel offline,1
sekolah offline,1
sch sekolah offline coba review sender belumjarang interaksi teman diam istirahat mata ajar paham guru oke seru pulang pulang rasa capekk,1
serius bingung banget teman kelas senang daring bayang offline sekolah jam guru jarang kasih kerja rumah materi mudah erti daring tugas kejar deadline materi erti encok begadang aduh,1
sekolah offline seru tugas,-1
tolong sekolah offline pergi dudnhzjs aefer my love,1
ck besok sekolah offline,1
lebih baik masuk ptmt situasi kondisi paham materi sekolah sekolah offline berani sungkan,-1
sepi moguuuu offline sekolah kerja,0
sekolah offline,0
iya semangatin orang beda sibuk anak sekolah offline uji semester,1
jay tuspi scylla gemas banget banget banget pulang sekolah offline paket trade ksjshshjsgsgs,1
foto orang stres habis sekolah offline bissmilah allah terima kasih kak sukses,-1
kilas informasi senin saya sekolah offline,1
selesai daring habis siap besok sekolah offline,1
iya bau bau daring tugas aneh full offline sekolah soreeeee,-1
internet offline solusi ajar jarak sekolah,1
masuk teman giat biasa ah kangen sekolah offline normal saya alah,1
cepat cepat sekolah offline jujur sekolah satu kabur suntuk rumah,1
sekolah offline capek offline bego tiada tara,0
sekolah offline buat capek offline bego,0
sekolah offline seru capek,1
vaksin mahasiswa sekolah offline anak sekolah dasar komedi,-1
sekolah offline plissss huee,1
semenjak covid saya kenal korea pop overthinkingan idol jarang baru doang saya pindah sekolah pas covid teman muka saya semenjak saya sekolah offline teman cowok,-1
jujur saya sekolah offline no prob makan rumah sekolah daring saya lapar melulu sksksk,1
bayang anjing saya pagi kebelet berak sekolah offline,0
saking dekat rumah bel dengar sekolah offline bel dengar senangnyaa pergi normal,1
haloo maaf jarang jbjb sekolah offline huhu jbjb moots pulang sekolah,-1
rhmsoo haloo maaf jarang jbjb sekolah offline huhu jbjb moots pulang sekolah,-1
haloo maaf jarang jbjb sekolah offline huhu jbjb moots pulang sekolah,-1
haloo maaf jarang jbjb sekolah offline huhu jbjb moots pulang sekolah,-1
haloo maaf jarang jbjb sekolah offline huhu jbjb moots pulang sekolah,-1
haloo maaf jarang jbjb sekolah offline huhu jbjb moots pulang sekolah,-1
sekolah offline bawa uang jajan,0
sekolah offline,1
banget beli laptop min kebel butuh adik sekolah offline butuh laptop jurus bismillah,1
hai sekolah offline daring,0
bahagia me ngantarin gempur sekolah offline,1
accord aktif unfollow jarang on sekolah offline,1
zoom class mati kamera masuk sekolah offline langsung bentuk,-1
ayo mutualan priv kakak bolehh aktif aktif xnxknsks semenjak sekolah offline jarang buka akun huee,0
sp udahhh sekolah offline cung,1
capek tugas sekolah daring suruh offline takut ketemu orang,0
bolos daring tahu ptm sekolah offline to,1
sekolah offline,1
sekolah offline kamu,1
moga sekolah offline kayak capek banget,1
unty sekolah offline kak,1
kunci buku tematik tema kelas sekolah dasar wajib hak rumah halaman sekolah sekolah offline proses ajar rumah,1
jujur anjing saya sangka lancar bicara kelas sekolah offline berani,1
unty sekolah offline,1
hai tabi pulangg sekolah offline offline daring,0
lulujkt sr sekolah sekolah offline,-1
mjb ajar tatap muka sekolah offline,1
halo teman selamat siangpada sekolah offline daring,0
daring sekolah offline,1
svt konser daring offline kaget banget pulang sekolah,0
sekolah offline biasanta pulang jam berapaa,1
kali sayang sekolah offline sukur kangen daring rumah lulus,1
saya sekolah offline,1
unty nugas niiak sekolah offline,1
unty sekolah offline ji antuk bangun tidur,-1
gasabar rasa momen pulang sekolah pas sekolah offline,1
suka sekolah offline capek sekolah daring,-1
gilir sekolah offline dibolehin sekolah hadu,1
aaaa sekolah offline back normal,-1
sekolah offlineonline,0
seru xixi sekolah offline daring lupa makan hv a nice day,1
pagi sekolah offline semangat sch,1
offline sekolahkuliahnya,1
kangen sekolah offline wkwk,1
kakak mi luluss sekolah offline,0
aaa hpbd sekolah offline,1
besok sekolah offline malam saya sibuk tugas,-1
sekolah offline sebal,-1
izin rest deh ku aktif sekolah offline daring penuh tugas,0
unty hai aji sekolah offline,1
streamingnya lihat mana luang sekolah offline kamu kuliah weekday senggang yuk streaming,0
pagi sekolah offline bestie,1
sekolah offline anjing,-1
semangat na sekolah offline seru seru saya uji offline,1
unty pagi aji absen sekolah offline,1
iya offline school is keren but not uji offline sekolah,1
hai makjii sekolah offline hjhi,1
sticker keluar jumat orang luang besok pekan favorite keluar senin sekolah kuliah kerja offline make sense secepet sticker,0
sekolah offline daring,0
saya sekolah offline sender kalimat puas no no erti korea uji indonesia sekolah offline rajin streaming kayak,-1
senin deoann sekolah offline yeyyy,1
sekolah offline tugas banget,-1
adik sekolah offline,1
kerja offline suka sekolah tolong wwkwk,1
sekolah offline,1
rilis senin masa orang kerja sekolah kampus offline,1
sekolah offline prnya anjing,-1
semangat sekolah offline melll mata ajar free,1
saya sekolah offline anjing iya saya teriak kayak orang gila kelas dasar dejunnn,-1
sini jam sekolah offline,1
aaaa saya sekolah offline ajar mtkkk guru galak,-1
coba berangkat deh nder latih sekolah offline berangkat,1
sekolah pilih situ take responsibilities siswa offline sekolah,0
sekolah offlineonline,0
schapp sekolah offline semangat trivia katak padang pasir juli tidur sisa,1
hai sekolah sekolah offline daring,0
pagi moots sekolah offline semangat,1
tidur nyenyak oktober sekolah daring minggu offline okk too have a nice day too,1
sekolah offlineonline me offline,0
hai sekolah offline offlineonline,0
neozen maaf singgung streaming papa banget paksa drikita sekolahkerja offline streaming sempat cont,-1
sekolah offline daring,0
pagi moots sekolah daring offline,0
kaum orang suka sekolah offline,-1
rasa capai sekolah offline,-1
pas jaman sekolah offline kalah ganti pakai lagu susah kayak bintang level hard traktir seblak lagu aju nice woiii aaaa hdusishdoshwiwjwbs kalah,1
sekolah offline,0
mlyt offline sekolah,1
suka sekolahkerja onlineoffline,1
adekadek saya sekolah uang jajan saya rumah doang uang jajan huaaa kuliah offline,1
sekolah offline ajar,1
effort banget sekolah offline ajar jam kosong,1
maksimal ajar bawa bekal makan sekolah jam bel masuk bingung pagi makan loyo iya oh iya offline doang sisa rumah ajar maksimal rumah kadang,-1
saya tim kontra offline semenjak saya tinggal mama saya kerja antar jemput saya sekolah ongkos sekolah ke ke pulang ke uang jajan saya ke doang bingung uang jajan,-1
iya pas chorusnya easy listening tagih ajak streaming teman non kpopers lagu enak rilis weekday sekolah offline luang streaming,0
yeay bagus sekolah offline by the way have a great day kak tii semangat,1
sch tolak orang kelas contek tugas pas sekolah offline aduh nantikn tahu,0
moga sekolah offline saya lancar,1
sekolah offline,1
sekolah offline,1
amethyst imel sekolah offline kak astaga kira imel,-1
ingin saya sekolah offline,-1
allah bosan sekolah offline,-1
sekolah offline,-1
pagi lang sibuk sekolah kuliah daring offline,0
pagi sibuk kuliah sekolah offline daring,0
sekolah offline,1
sekolah offline is sucks,-1
adik masuk sekolah offline,1
antuk banget sekolah offline pagi malam selese nugas jam,-1
sekolah offline enak teman,1
saya survive sekolah offline minggu sore awokawok kayak minggu kali capek banget,-1
sekolah offline jadwal daring,0
sekolah offline capek banget,-1
ada sekolah offline,0
sekolah offline,1
sekolah offline,1
tanyarl kos yaynay sekolah offline,0
asheljkt udahhmau sekolah offline kakak wkwkhave a nice day,1
sekolah saya kena keren offline lumayan siksa anjing,-1
sekolah offline,0
sekolah offline gaenk sesi adil daring soalny takut materine ulang ganti sesi materi,-1
offline sekolah ku acara daring,0
walah sekolah offline semangat,1
sekolah offline,1
sch struggle ulang pakai kertas lembar pas sekolah offline,-1
aduh sekolah offline,-1
pagi ijaaa semangat sekolah offline daring,0
kadang habis subuh tidur papah kerja jam an pas sekolah offline ydh deh jam bangun,-1
saya mandi jam sgitu sekolah offline dingin njrr,0
pagi semuaa have a nice day semangat sekolah offline,1
aduh sekolah offline,-1
sekolah offline jual rotidonat pagi teman jual laku beli sarap,0
morninggg sekolah offline,1
eh nderr sekolah offline doang,0
ingin sekolah offline v,1
saya semangat sekolah offline,1
wih kecee sekolah daring offline,0
enak offline daring capai offline rasa banget capek fisik pikir kayak bolakbalik pagipagi sekolah rasa banget uras tenaga,-1
lemas banget suasana hati ngapangapain sekolah offline pagi,-1
offline class suka aneh ngebet banget sekolah offline,-1
sch no salty senang sekolah offline senang banget sekolah kasih tugas dijelasin materi dalam materi materi baca,-1
langit turun meteor sekolah sekolah offline,-1
progress today habis sekolah offline mat minat mat wajib sekolah daring jam siang tobk gratis salah bimbel sekolah sambung les ajar uh fisika besok kinda tired but oke,0
malas besok sekolah offline,-1
besok sekolah offline saya antuk help pagi sekolah,0
beda berat siswa ajar dewe segi tugas saya lihat lihat beda saya sekolah offline adik saya deklarasi saya masuk sekolah sekolah,-1
sila hujat benar saya i mean saya sekolah pas offline tekan,-1
dibebanin kerja rumah apaapa kerja rumah kerja rumah kerja rumah deadlinenya minggu kayak kerja rumah offline hari dlnya mata ajar kerja rumah tani adik sekolah offline rasa capek anak umur ngerasanya capek banget,-1
hem ngejelasinnya sekolah kayak offline latih latih kerjain pas mata ajar pulang bawa kerja rumah mata ajar kerja rumah sfh tugas jadic,0
beeeeesok saya sekolah offline for the first time sekian aowkwkw,1
saya ngeri praktikum kayak efek daring saya doang semangat sekolah offline,-1
sksd my gapapaa lumayan teman obrol kelas sekolah offline,1
sekolah offline,0
iya ambil shift malam selagi besok sekolah offline ehehheeh,1
semenjak sekolah offline jarang buka studytwt,-1
sekolah offline,1
relate saya saya erti ajar guru offline sekolah mah teman yodeh ajar masuk otak daring mah saya bangun siang antuk melulu,1
ah tidur anjing besok ku bangun pagi sekolah offline lgie smsksksdmcndj heuhhh,-1
kak nath kangen hueeaku sekolah offlinedari jam jarang pegang handphone gitupadahal kangen jbjb tt kak nath kabar,0
saya besok sekolah offlinetp malas tidur anjing,-1
jam takut besok lihat sekolah offline,0
bioskop buka sekolah offline gym buka shake shape buka butuh olahraga banget,1
lawak banget sekolah saya ulang sekolah ada offline maulid nabi ada daring cih ulang agama,0
anyway bar tips cepat antuk besok saya sekolah offline,-1
besok sekolah offline antuk malas tidur,-1
saya sekolah lucu banget najis kp offline wajib ptmt jalan sahabat ajar jalan gilir kena tegur langsung ketar tir awikwok,-1
saya suka pas sekolah offline tudari jam murid duduk doang bawa minummakan istirahat sumpah pegal kursi kayu,-1
besok sekolah offline,1
moots cepat antuk tidur besok sekolah offline huhu,-1
sekolah offline istirahat huhu hype enha bangtan susah dbjsjsmaka i miss too,-1
pretty good capek sekolah offline but still fun anw terima kasih uuu nay begadang antuk buru tidur okaayy,1
teruuussss anjing jeki taiiiiii ksel ah teman kelas gajelasss uler banget ih lawak banget ngaduin gerak cepat guru wkwk misuh misuh besok sekolah offline menang,-1
wedeh besok sekolah offline,1
besok sekolah daring offline,0
bangun pagi pagi senin sekolah offline,1
mengcapek besok sekolah offline bangun pagi begadang,-1
by the way sekolah daring offline,0
delu besok sekolah offline gnite sleep well moots,1
tidurr besok sekolah offline,1
nder besok offline enak yuk sekolah ajar hak semangat,1
sekolah offline matematika ekonomi rumah,1
saya pikir pikir sekolah daring nyaman banget offline saya kayak malas banget,-1
yeeess sekolah offline kak summy senang banget banget tunggu ketemu tt im even happier now to hear that kak summy should always be bahagia lt,1
suka sekolah offline daring tolong tugas saya offline daring banyak,0
sekolah offline go,1
besok sekolah offline yeayyy,1
for your information saya sekolah offline tugas kumpul google classroom,1
capek banget tugas saya tumpuk minggi sekolah offline tumpuk kadang guru pikir anak murid mata ajar iya kejar materi capek banget begadang gara gara tugas,-1
sekolah kuliah offline ngurangin jajan kecuali kemarin covid anggur lampias beli merch pc,0
jalan mal bioskop bandara wisata buka anak sekolah offline dagang senyum pasien covidpun hilang rumah sakit moga tanda arah baik taat prokes gelombang tiga,1
maaf moots jarang jbjb overthinking semenjak sekolah offline,-1
srl iya sekolah offline tugas tumpuk,-1
weyyy jurus sekolah offline,1
koentjoro baik bangsa saudara laki anakanak sekolah offline lihat yoyakarta kemarin macet penuh mobil kota khawatir,1
sekolah offline rasa capai seru,1
senin my first sekolah offline after sekolah,1
i mean sekolah offline sekolah senin jumat,1
sekolah pakai kerudung rasa sekolah daring sekolah offline,0
besok sekolah offline,1
apakh menang besok vaksin sekolah offline ajar kimia visual arts ajar,1
sekolah offline spill uang saku,1
saya fine fine offline ekstrakulikuler off in anjing saya fokus mata ajar kayak hambat moga ekstra kulikuler hentiin saya lulus sekolah wkwk,-1
catat sekolah daring oke offline kayak nyatet saya nyatet susah tinggal nyalin santai,0
saya sekolah offline saya pilih dua,1
iya sekolah rumah guru saya kota saya guru rumah kayak sekolah offline saya kota materi and latih kirim email deh,1
kak jajan sunscreen sekolah offline,1
first day sistem gilir kumpul ajar b budak kumpul a sekolah pesan minggu lepas guru ulang from az ajar kat a last week pdpr offline module kesan terang guru,-1
jahat banget ngerencanain libur saya minggu full sekolah offline,0
saya kelas tugas ngotak tertawa kuliah mampus saya saya tolil tugas doang by the way saya sekolah offline kuis ulang tugas saya tertawa capek buk wkwk,-1
deh saya sekolah offline kelas masuk srek banget saya sesi,1
asikk sekolah offline,1
sekolah mu daring offline,0
suka sekolah offline daring,0
moga cepat sembuh sekolah offline pikir uji semester suruh video,1
hem eh sekolah offline gakenal teman kelas kamu kenal,0
saya kayak pagi sekolah offline guru ngawas saya kayak degdegan banget,-1
ah sekolah offline daring by the way,0
berangkat gelap pulang gelap sekolah offline wkwk,0
revan sekolah offlineonline adik,0
gakkk sengaja pencet teman besok takut sekolah offline,-1
jujur kangen sekolah offline,1
jahat iyapasti jahat banget lebih baik sekolah rumah ajamales ketemu teman teman kelas sekolah offline duhhhhhhaku coba damai hati deh butuh lamatapi ayo chakendaliin,-1
sekolah offline hari masuk senang,1
sekolah offline pas berangkat hujan pulang motor mogok jalan kaki siang bolongpake pantofel,1
sekolah onlineoffline,0
pensi kook ngurangin koleksi habis sekolah offline takut gadirawat pcku,-1
kayak rest hunter sekolah offline,1
lebih baik offline deh sekolah daring pusing banget saya,1
sekolah offline sesi sesi pagi siang sesi siang sore,1
kelas kelas sekolah offline parkir,1
sekolah daring keluh sekolah offline keluh,0
offline school capek anjing fisik saya capek banget sekolah kelas maksimal,-1
proses pindah on ingin sekolah offline full day canda teman cepat banget lupa sakit,1
saya sekolah offline ajar pedicure and manicure saya sekolah tumpang sih kuku lumayan gratis,1
banget pas sekolah offline jalan pulang tongkrong warung jadi tongkrong anak sekolah khusus sekolah untung pakai motor,1
gapapaa mulung semangat sekolah seru banget offline,1
frio alas terima orang cari teman kayak coba sudut pandang tempat kuliahsekolah kena pembullyan apa rugi senang daring offline,-1
sisi try hard baur pas kuliah coba cari teman minat orang kayak bantu teman susah tugas teman djadiin alas sekolah offline gede susah cari teman imo,0
cepat sekolah offline,1
pas sekolah daring buru kayak sekolah tatap muka offline pas sekolah offline sekolah daring,0
saya pas sekolah offline,1
iya karr mingdep saya sekolah offline saya jakarta libur,0
pas sekolah offline hafal jadwal ajar hafal,1
sekolah offline diksi duit jajan,-1
sch offline offline sekolah pas kelas kelas sender gedung sender cepat kelas,1
sekolah offline capek rasa wkwk sore les moga cepat adaptasi eh betah banget sekolah sore banget jam sore pulang,-1
sekolahkerja via daring enak begadang bangun siang khawatir berangkat kerjasekolah offline gedandapan puyeng,-1
ke uang jajan uang bensin kadang suka tambah ke kakek main rumah pas jaman offline kos perlu sekolah kayak fotokopi kasih,0
wow mantap by the way dom cepat sekolah offline pagi sore,1
sekolah offline pagi sore kah,0
sekolah offline tugas banget lumayan jarang on twit hbu,-1
sekolah offline tugas banget hssj,-1
sayang syukur orang gilir daring ingin offline sekolah offline ingin daring mau konsisten lebih baik sekolah deh,0
sekolah offline,1
sayang syukur orang gilir daring ingin offline sekolah offline ingin daring lebih baik sekolah deh kesal,0
alhamdulillah jalan sekolah offline kasih sangu orang tua jatah ke hari tabung alhamdulillah jalan album sn kumpul ambil beli jilbab kumpul ke,1
jumat sekolah offline,1
i mean like skip kelas masuk sekolah offline,1
sibuk urus sekolah offline tugas banyak,-1
apa sekolah offline,1
sekolah offline susah on im sowrrryyyy,0
halo tai sekolah daring masuk offline by the way lupa makan,0
schapp sekolah offline tugas trivia ombrometer alat ukur curah hujan,0
pas offline kasih ongkos pulang doang kantin sekolah buka wkwk,0
cug bersukurnya manusia kasih libur keluh rasa hidup normal sekolah offline hidup normal sekolah offline eh daring,0
capek sekolah offline,-1
sekolah onlineoffline,0
nder nadiem pusing sekolah daring salah sekolah offline salah beliau pusing,0
sekolah offline jam capek banget,-1
senin buruk sekolah offline terima kasih isi x ilmu tahu alam obrol lihat liat,1
saya mingdep offline terima kasih jam sekolah saya selasela ajar bu izin angkat video call lia,1
banget sekolah offline pas dengar kabar ajar offline senang pas offline daring suasana freak,-1
bleau sekolah offline hbu,0
iya diksih semenjak masuk sekolah offline,1
bismillah gedor makji kumpul duit makji bayar utang mama tunggu rezeki tambah beli novel alat sekolah adik offline,1
kantin sekolah sekolah offline buka,0
todays mail kali todays mail pc hand sanitizer renjun sekolah offline anjaylucu banget pas datengnyasafe packing and another yupi for freebies,0
sekolah offline batas,1
sibuk diri chil sekolah offline unjung sekolah langsungtetep on kadang malam,1
iya ibu sekolah offline,-1
sekolah offline full deh tt,1
kantor sekolah masuk offline pusiang bu moga jadi,-1
syukur daring egois saya syukur banget offline pekan adik saya paham kalian dikitdikit tolong erti sekolah kasih surat ketidaksiapan offline,1
adik masuk sekolah offline,-1
sekolah rumah offline sembunyi rumah,1
cieee sekolah offline,1
sekolah offline daring sesuai suasana hati,0
gemas banget ponakan sekolah offline,1
heboh kerja anak sekolah offline,1
antuk sekolah offline,-1
sekolah offline kh,0
sumpah sekolah offline sanguu,1
offline class kayak sekolah enak anjr obrol saya istirahat ajar pulang obrol teman duduk jauh kayak orang budek obrol dah offline,-1
sekolah offline,0
aii seru sekolah offline,1
enak sekolah offline kemarin pas saya ngambilin raport adik flashback sekolah seru banget woeeeee sempat,1
heran lihat anak sekolah sekolah pakai masker keluyur sekolah offline anggap wkwk covid selesai salah ikut prokes sementang atur longgar,-1
saya sekolah offline daring ahhhhh,-1
sumpah pas sekolah offline tumpuk woi tugas,-1
daring study offline exam hebat banget sekolah saya,0
kasih daring offline siang malam sekolah meninggoy,0
kak sekolah offline,1
reply sekolah offline,1
jujur capek banget sekolah offline,-1
pas sekolah offline kantin te jus ke,1
kelas sekolah offline kah,0
sekolah kah daring offline,0
kayak indonesia normal wacana sekolah sore suka syukur banget suka giat daring alias lulus coy deg degan saya sidang skripsi offline,-1
saya semangat sekolah offline mnyesal,-1
sekolah offline anjing,1
anjing sekolah offline capek banget,-1
kuliahsekolah offline ajar nyala lampur kamar,0
offline kayak buang buang ku pakai tugas sekolah guru masuk materi gkpp guru kasih tugas doang kadang guru jam mata ajar beliau pakai bahas tatib,-1
pagi makjii sekolah offline,1
jujur iya anjing sekolah ku offline daring,0
dak jujur enak njr sekolah offline,-1
beli permen birutdi bingung beli permen biru bubblegum permen biru favku sekolah offline allah kangen jajan sekolah,1
sekolah offline,1
sch sekolah sender harlah offline sayang unggah foto tt,1
diijinin sekolah offline alas kenapaaa,0
benar sekolah sumber sebar sakit yasejak sekolah offline anak kena batpilpdhl ganti dokter gara batpil,-1
saya offline betah capek bolak sekolah capek rumah,1
gess lepas aktif tepat sekolah offline asramaahayyyy yaaahh translate jametnya,1
gess lepas aktif tepat sekolah offline asramaahayyyy yaaahh translate jametnya,1
bangun pagi pergi kamar adik sekolah offline pergi rumah tante duo monyet rumah teman pagi bosan ganggu ganggu mama kebun marah,0
beli sekolah offline baterai boros banget,1
kurang sekolah offline sakit pinggang cug capek duduk melulu,-1
gess lepas aktif tepat sekolah offline asramaahayyyy yaaahh translate jametnya,1
askrl spill outer bagus seragam sekolah offline,1
sekolah offline istirahat sebentar banget bekal saya habis bawaa,-1
cimory sekolah offline pulang,0
saya sekolah daring saya offline berani sumpah daring saya kayak takut sosial saya diri ubah erti,1
lulus c word sekolah offline,1
malas gerak banget anjing sekolah offline,-1
adik saya sekolah offline saya rumah kuliah nanti sore asa anggur anjing,0
daring sekolah daring ptm ajar tatap muka offline kamu kuliah kh liar,0
saya banget sekolahmana kelas saya ganti wifi sekolah sad banget buka galeri atauga main game offline,-1
sekolah offline jam gerah banget anjing nyala ac,-1
sekolah offline asa latih militer,-1
sekolah offline bawaanya panic attack bagus daring tenang,-1
iya nder kynya sekolah offline,1
jujur pas saya potong corona daring enak daring enak offline benar rasa banget sekolah kenang deh saya anjing rasa agit,1
masuk sekolah offline,0
iya kak expo universitas bimbel jadwal sekolah expo offline sekolah join zoom,0
dua daring ringan materi kepala cari materi ajar offline berat materi masuk otak capek pulang sekolah muka pucet,0
sekolah daring offline,0
untung daring offline korban bullyan fan mu sekolah,-1
hai moots sekolahkuliah offline kampus praktikum,0
sekolah offline,1
sekolah offline jam berangkat jam bangunlagi bisa bangun jam tidur lagihadeh tolol banget dhuntung lambat,-1
malas banget sekolah offline,-1
christyjkt sekolah offline tinggal bus sekolah,0
nggasoalnya jawalnya sekolah offline,1
pagi semuaaaku sekolah offline todaykalian gmndaringoffline,0
kesini malas sekolah offline anjing,-1
saya sekolah offline,1
sekolah offline,1
fr sekolah saya banget anyink dibotakin lebih baik offline,1
sekolah offline daring adab,1
dengar sekolah offline langsung tenang hati,-1
oi sekolah offline yyy wkwk,1
sekolah but offline,-1
close siangg sekolah offline,-1
offline semangat sekolah offline,1
campur kayak sekolah minggu kali offline sesuai jadwal campur daring mata ajar rasa juru kayak pkn sunda offline fokus mata ajar kayak matematika mata ajar juru,1
jadwal bestie sekolah offline asyik,1
kapann sekolah offline,1
gilir daring offline pas offline daring sekolah yuk yuk,0
sekolah offline,1
sekolah offline day jam kosong,1
tanyarl risih teman bicara konteks sekolah adakan giat giat beda murid pilih acara wajib offline sekolah daring,0
sekolah daring offline by the way sarap,0
sekolah daring offline by the way sarap,0
sekolah offline tugas video another level of pain,-1
sekolah offline daring,0
sekolah offline daring,0
banget anjing nolep gpunya teman seko sekolah offline pusing banget jujur,-1
semangat guru letak hadir murid sekolah sehapalagi semenjak pandemi paksa sekolah daring perlahan offline semangat ajar langsung lipat ganda ku,1
sekolah offlineonline,0
sekolah offline seru bayangkann,-1
moga sekolah offline,1
hlow sekolah offline semangat,1
offline daring sekolah e nanti saya bantu alas tau offline,0
p the sekolah offline,0
sekolah offline aaaaaa kali kelas tertawa pamer,1
agree jujur sekolah offline enak saya,-1
sekolah daring offline,0
sekolah offline sakit jdinya daring,-1
eh sekolah offline jam,0
kamu sekolah offline daring,0
sekolah offline tarik oh,-1
semangat ptm sekolah offline sesi siang,1
mootssss sekolah daring offline,0
sekolah offline,1
sekolah offline panas,-1
oh besok sekolah offline semangat sekolah,1
sekolah offline guru moga jam kosong wkwk,1
bangun sekolah offline,-1
tanggal desember bangtan konser offline saya sekolah offline tai,-1
sekolah daring offline,0
morningdari sekolah offline,1
dyaz sarap sekolah offline have a nice day too dyaz,1
sekolah offline kah,0
class meet offline po korban lomba po lomba class meet sekolah ku sekolah iya sayang,0
kali sekolah offline,1
sekolah daring offline by the way sarap,0
lxyc sekolah daring offline by the way sarap,0
sekolah daring offline by the way sarap,0
sekolah daring offline by the way sarap,0
pagiii sekolah offline semangat,1
sekolah daring offline by the way sarap,0
sekolah daring offline by the way sarap,0
mndhs kesekolahh kim sekolah offline daring paman,0
haloo rinn aksksusjsns allah kabarnyaaa dhh sarap lummm sekolah daring offline kuliah kerja apa semangat rinnn,0
rina hyonk kamu sekolah offline,0
malas sekolah offline kayak orang,-1
semangat banget sekolah offline,1
sekolah offlineonline,0
anjing besok sekolah offline,-1
sch malas banget senin sekolah offline,-1
semangat sekolah offline adik,1
ajar jarak jauh semangat sekolah offline,1
agy sekolah offline,1
malas malesan lebih baik bdr dim rasa jenuh seru lebih baik sekolah offline,1
aaaaa sekolah offline,1
iya kuat nek sekolah offline,-1
sekolah offline pulang jam,0
sekolah offlineonline,0
selamat pagi sekolah offline aduh,-1
offline sekolah siang,1
punyaa jaman sekolah offline make lagu alarm,1
sekolah offline guru ganteng tukang ayam bakar,1
pagiii semangat sekolah offline deg deg an,1
iya saya sekolah offline,1
pagiiii sekolah offline degan banget plisss,-1
aw sekolah offline,-1
pagi moots sekolah offline semangat daring tidur,1
unty morining kak fen sekolah offline,1
pagiii sekolah offline semangat,1
sekolah offline kak pulang jam les jam wahwah,-1
semangat sekolah offline,1
first time sekolah offline jujur asyik kakel,-1
sekolah daring ingin offline pas kasih offline malas malesan dasar,-1
iya saya minggu les sekolah offline isi,0
beli sekolah offline,1
sekolah offline,1
sekolah offline batal saya capek banget anjing offline ngabisin bensin kuota,-1
pagi moots by the way sekolah offlineonline semangat,0
struggle kira daring offline enak bangun jam tau berangkat sekolah wkwk balik imbang,0
sekolah offline,0
good pagi sekolah kelas offline kenal kelas pain,1
sekolah offline,0
sekolah offline,1
sekolah offline,1
yusuf mansyur too sekolah offline pts saya,1
sekolah offline,1
sekolah offline,1
ih teman teman sekolah offline keren,1
sekolah offline,0
adik jiwa malesnya sekolah offline hiks paksa lawan main fisik,-1
sekolah offline,0
malas malesan sekolah offline,-1
pagi teman sekolah offline,1
good pagi moots sekolah offline hdue pusing gara gara bawa flu by the way lupa makan,-1
iya allah lupa jam offline mau apa sekolah ku rumah oke mandi,0
selamat saya sekolah offline doa iya moga guru tagih tugas,-1
wish me luck sekolah offline saya kenal,-1
oh adik saya jaksel sekolah offline,1
huaa moga cepat sekolah offline,1
syukur sekolah offline,-1
schdkfks sekolah offline,1
sch kangen sekolah offline sesi sesi an trivia rumus harga imbang pasar qdqs,1
sch teman teman pas sekolah offline hilang barang sharing dong trivia stratifikasi bagi stratifikasi buka tutup campur,0
sekolah offline,0
anjing masuk minggu sekolah offline,-1
adik sekolah offline owowoow takut sekolah offline handphone ku selesai,-1
unty pagi sekolah offline,1
sekolah offline and do know pren saya lupa make dasi ueueue,-1
salamat pagisemangat sekolah offlineyang semangat,1
masuk sekolah offline hiksssrothh malas,-1
malas gerak banget sekolah offline,-1
sekolah offline daring,0
sekolah offline lupaa sarap,1
sekolah offlineonline,0
ow hore sekolah offline,1
sekolah offline hore,1
sumpah saya malas sekolah offline,-1
sekolah offline,1
antuk sekolah offline,-1
sekolah offline,1
sekolah offline adik adik,1
saya sekolah offline taejin live semangat,1
pagi selamat saya on the way sekolah offline hufttt,-1
ah shitt sesal banget sekolah offline enak sekolah daring,-1
aduh sekolah offline,-1
bye bestie sekolah offline,1
tidak sekolah offline pagi,-1
sch sekolah offline jadwal ajar ganti ganti diumumin jadwal baru h harijam,0
uh rumah biasa interaksi orang keluarga rumah moga sekolah offline buruk takut banget tolong,-1
tidurrr perkara saya sekolah offline tugas ekonomi tuntassss syalann battttt,-1
sekolah daring offline,0
enak sekolah offline meeting daring,1
saya selesai jam deh pagi saya sekolah offline,-1
sekolah offline,1
class i sekolah offline but i grup a sok this week study je kot,-1
besok sekolah offline saya henti salah tingkah crush saya kelas besok ajak obrol bicara tertawa,1
pas sekolah offline tidur,0
besok sekolah offline gabiss tidur,0
tidur saya oh saya habis minum kopi besok sekolah offline siang lucu,-1
sekolah offline jam tidur ku langsung rapi banget,1
besok masuk sekolah offline moga pulang sekolah pas buka twitter langsung selamat amin,1
hai habis gratis sms kabar jumpa maksud apa heran bicara gratis sms gacukup hari gratis telpon jam sekolah offline,0
lihat jadwal sekolah offline senin pulang jam siang aaaaa,-1
sekolah offline butuh,0
malas sekolah offline iya,-1
jarang pakai gerak cepat offline kumpul sekolah,1
besok sekolah offline seragam saya ember alias air rendam,0
pakai google classroom nder alias sekolah full offline,1
h sekolah offline,0
bayang sekolah offline nasib fan mu sekolah besok senin,-1
besok sekolah offline kumpul lanjur pagi,-1
habis sekolah offline jujur saya benar pakai sesi an saya mental minggu,-1
besok saya sekolah offline malas,-1
besok saya sekolah offline malas gerak banget,-1
omgg besok sekolah offline,-1
lebih baik tidur besok pagi sekolah offline antuk antuk kelas,-1
sekolah offline vaksin here we go,-1
ra bayangke dadi rafi rabbanisesok sekolah offline andang ece koncone,1
tidur besok sekolah offline,1
sadar besok saya sekolah offline aaaa,-1
tanyarl besok sekolah offline huhu mandi pagi sender besok apalan kimia,-1
besok saya sekolah offline,1
sumpah sekolah offline stres,-1
fisika fuck banget erti guru masuk minggu ngejelasinnya detail eh kasih ulang anjing sekolah offline kit heart kali nilai rendah,-1
eh laaahh malas banget sekolah offline saya semangat,-1
oh iya besok sekolah offline teel sepi banget,1
sekolah offline,1
jam gin degdegan ngehadapin senin besok pikir pikir sekolah daring santai mandi mandi sarap tinggal dapur bawa kamar jam potong pas jaman offline,-1
guru gjls jadwal jam gin besok sekolah offline,-1
umm teman besok pertama sekolah offline murid belum teman cheer me up takut banget teman,-1
arus gede banget busett heran bakar kabel parallel tengah hilang coba untung coba offline hangus sekolah,0
kerja daring minor kelas offline kerja offline langsung bentrok sekolah tugas les,0
malam saya coba ambil tidur pas pagi langsung sekolah offline,-1
members kak besok sekolah offline,-1
pas sekolah offline,1
lucu banget lihat anak remaja exciting besok sekolah offline,1
wkwkkwkwwk nolep banget saya sekolah offline,1
sekolah anya lucu banget offline bulan,1
miskin sekolah offline uang jajan wkwk,-1
sekolah offline malas bangun pagi,-1
besok sekolah daring offline,0
besok sekolah offline,-1
ngespace yuk eh besok sekolah offline sekolah offline wkwk,-1
besok sekolah offline foto ijazah deh jadwal foto ijazah pagi muka ubah ladang minyak,1
tidur besok sekolah offline,1
besok adik sekolah offline,0
hai besok sekolah offline orang daring,0
besok sekolah offline mules rn,1
pas offline bangun tidur ku mandi daring bangun tidur langsung sekolah,0
ngedudel besok stres sekolah offline deadline commission,-1
pagi bantu masak tahlil mama ayah siang zoom angkat jemur sapu ngepel sore pergi nobat pas pulang tonton bareng bantu beres beres rumah nenek besok pagi cuci baju gunung adik besok sekolah offline,1
official besok sekolah offline,1
via cerita iya iya cepat dahlahhh ah gaseru anjing lambat bingung curhat nct kayak enakkkk pas sekolah offline cerita sambung chairmate mianhae via,1
besok sekolah offline,1
semangat fayy besok sekolah offline kyu titip salam kangen,1
sekolah offline paling capek punggung capek pikir layar capek olahraga pacar antuk kayak bangun kasur tenaga mata berat banget tidur,-1
besok sekolah offline,1
maless banget besok saya sekolah offline,-1
by the way besok sekolah offline,1
pas sekolah ke minggu subsidi uang jajan sekolah ke tertawa kuliah offline bulan moga pas offline subsidi uang jajan minggu ke kuota ke,0
tertawa minggu kemarin offline plus sabtu ekskul capek banget lupa sekolah offline,-1
besok gilir saya sekolah offline tugas minggu selesai saya ngantukann point nomor,0
kangen sekolah offline kayak sakit tryout akbar sekolah tertawa,1
besok sekolah offline,1
sekolah offline selang seling,0
sekolah offline,1
sekolah orang kuliah offline,0
anjing besok sekolah offline ajggg,-1
saya besok sekolah daring dar minggu doang saya offline,0
saya tidur duluaan moots besok sekolah offline bangun pagi good night mootss,1
sp besok sekolah offline cung,1
alhamdulillah semenjak sekolah offline rumah scroll lini tertawa,1
maksud sekolah rumah sekolahttp offline nomer daring masuk kuping kanan kuping kiri blmmm foto amuro pakai baju kid anime manga dc rilis volume,1
beli daring streaming mulai jumat jam jam jam sekolah sekolah kena jadwal offline hadu,-1
prefer sekolah daring offline,0
sekolah daring offline enak acara,0
besok saya sekolah offline,1
aduh offline malas gerak banget saya besok sekolah ih,-1
iya sekolah offline,1
sekolah offline bestie daring,-1
suka sekolah offlineonline,0
sekolah offline ulang daring,1
harap sekolah offline semangat ajar malak duit orang tua,1
capek banget buset sekolahkuliah offline ketemu terbit benam matahari,-1
besok offline kayak sekolah ku lambat offline besok tertawa,1
wkwkwkwkwkwk saya minggu kali only sekolah minggu hari ganti gkpp syukur offline,1
konteks sekolah offline,0
sekolah offline php,1
bagus deh iyaanie sekolah ku offline tugas cecer aosksjsjshsh,-1
besokk sekolah offline daring bestiee,0
besok jadwal sekolah offline,-1
besok sekolah daring orang offline,0
sekolah offline aku nyaman sekolah daring,-1
nder novdes daring sekolah ku murid offline,1
sekolah offline anjing,-1
no offense efek anak sekolah offline taat prokes srba salah orang tua enak anak sekolah seko anak buka masker colek ingus,-1
sering sekolah daring besok sekolah offline,1
run run besok senin by the way sekolah offline,0
besok senin sekolah offline huaaa,-1
staf bebudak cuti sem lepas spm sok member sekolah orang kerap sok serve ramah muncul soal manajer gay mintak top up juragan cakap offline,0
capek sekolah offline,-1
bingung sekolah offline enak paham materi dijelasin langsung daring ajar duduk rebah gaya apa oncam,1
twit hai kak yoon badmood banget gara tugas sekolah susah ampun malas sekolah tugas kerjain suka pikir malas sekolah offline masuk sekolah tengah juru,-1
suka sekolah daring offline,0
aeh offline live stream time sekolah weh,0
besok sekolah offline tolong akdgsksgsjs,1
besok sekolah offline diliburin,1
besok sekolah offline,1
allah besok sekolah offline,-1
besok sekolah offline,1
ih samakk sekolah offline gupek takut lupa,-1
woi besok sekolah offline anjirt,-1
malas sekolah offline ketemu teman,-1
weyy sekolah offline shiftan saya ngehapus materiebook foto ajar handphone,1
coronces nder daring murid atur kayak sekolah offline deh hasil,0
aaaa besok gilir saya sekolah offline,-1
keren sekolah hybrid daring offline ajar efektif,-1
bes masuk sekolah offline rambut warnain marah kaget pas masuk guru marah suruh ganti warna hitam,1
wkwk besok saya sekolah offline,1
alhamdulillah semenjak sekolah offline kuota sedia,1
gueee besok sekolah offline malas,-1
besok sekolah offline,0
twit jimin takut banget sekolah offline besok,-1
nggaaa besok sekolah wawancara offline terima kasih lt,1
anak sekolah offline,1
iya anjing saya sekolah offline,-1
besok sekolah offline daring,0
besok sekolah offline anjing,-1
sekolah offline ulang daring,0
senin besok sekolah offline,0
pagi sekolah offline sore lanjut daring,-1
sekolahoffline sekolah offline,1
gara izin offline moga sekolah saya offline sem,1
besok senin saya sekolah offline,-1
aaaaaaargh pas empat ptd on stage sekolah offline,-1
moga lekas sembuh inten offline sekolah offline,-1
bts untung besok saya offline offline saya sekolah linglung,-1
ponakan saya masuk sekolah offline oh my god,1
waaaa besok sekolah offline,1
saya rasa sekolah offline,0
senang streaming offline konser sekolah hai ampun menang,-1
sekolah offline tugas saya numpukkkkkkkkkkkkkkk,-1
saya senang banget besok sekolah offline wkwk kali kelas masuk kelas misah,1
besok sekolah offline sial,-1
allahaku sekolah offline pas ajar matematika,-1
semangattt chryss enak kokk sekolah offline,1
suka ajar suka nyatat suka interaksi guru pas sekolah offline ahli khusus nder skill dangkal general banget menurt kuliah spya temu spesialisasi bidang cocok,1
besok sekolah offline daring,0
besok sekolah roster kimia pku pjok anjayyy saya karya apa pku besok saya sekolah offline saya lanjur nyaman sekolah daring,-1
kali tugas offline sekolah minggu abadi,0
full sekolah offline by the way malam,-1
besok senin hwaaa besok sekolah offline tugas upacara sekolah offline daring besok,0
hai kak izin lomba daring sertifikat pakai kak bantu snm lomba offline lomba sekolah,0
besok sekolah offline,1
besok sekolah offline,0
besok sekolah offline,1
zaman handphone mahal jaring lambat buka google warung internet saya sekolah offline jam jam saya pulang sekolah warung internet alas saya lucu tonton televisi baca koran majalah buku buka google,1
besok sekolah offline,1
besok sekolah offline hufttt dunia kejam,-1
tas ransel sekolah offline,0
pas sekolah offline kadang suka kasihan gara gara suka hotspot,0
besok sekolah onlineoffline,0
sekolah offline kali minggu kali minggu ikhlas hati,1
besok sekolah offline,1
sekolah offline cok,-1
kayak sekolah saya offline gagal melulu anjing astagfirullah,1
besok sekolah offline,1
bosan pas offline an sekolah minggu bosan nge twit,-1
besok sekolah offline,-1
eh aduh besok sekolah offline,-1
ice sekolah offline nugas siang siang kelar sore malam tidur cepat jam tidur,1
masuk buku hs mabuk bolos mata ajar sekolah offline,-1
besok sekolah offline lubuk hati malas banget heyyeheje soalnyaaaa beda sesi teman deketku takut anak pendiem dighibahin alea anak cupu banget,-1
sekolah offline istirahat,0
pasang mahasiswa sekolah offline saya ingat jagaa mahasiswa jatah katingborgol ilanggg ikhlas tinggal wkwk overthinking guysss,1
sekolah daring offline anjing tugas,-1
hati hati mahasiswa masuk kuliah sekolah offline kakak tingkat saing tahan tikung wkwk,1
sibuk banget parah sekolah offline,-1
besok first day saya sekolah offline,-1
saya takut sekolah offline help,-1
sekolah offline,1
fess sekolah offline doang daring,1
schapp wtp teman sender senin besok sekolah offline trivia hambat jenis kawat alami ubah suhu ubah hambat listrik alami ubah suhu ubah,1
iya by the way senin pad sekolah offline kampus saya kemarin kayak sebal senin,-1
laku mingdep sekolah offlineya jadwal operasi ahwhwhwhwh,1
besok senin besok senin sekolah offline aaaaak,-1
wkwk kak dyn jompo akibat sekolah offline mogu lucu banget kayak nama kucing tetangga ku,-1
saya sekolah offline,-1
besok sekolah offline nihkalian daring offline,0
oh my god besok sekolah offline,1
saya sekolah offline anjing,-1
besok sekolah offline,1
sekolah offline teman saya sg pacar saya pelukhassun,1
mari lihat concert lupa sekolah offline besok,0
saya sepatu sekolah besok sekolah offline,-1
sekolah offline capek,-1
sekolah offline,0
prefer sekolahkuliah daring offline sebut alas,0
handphone saya ganti retak parah memori nampung pas banget sekolah offline tugas video uprak beli,0
besok sekolah offline,1
allah hamba sekolah offline engkau meng onlinekan sekolah hamba hamba mohon allah hamba capek hamba takut,-1
pose kayak abg sekolah offline ketemu tementemennya,1
semangat sekolah offline,1
tolong besok sekolah offline,-1
hai gaiss maaf banget jarang aktif sekolah offline tugasny tambah diusahain aktif unfollow oke,-1
duit beli paket mandiri kasih uang saku kayak pas sekolah offline uang beli paket kumpul uang hasil uang saku seharihari,1
sekolahkuliahnya offline daring,0
besok sekolah offline yeahh,1
sekolah offline daerah zona merah,1
offline minggu sekolah minggu daring oke oke semangaaaat,1
besok senin saya sekolah offline,-1
ganba ucii sekolah offline sekian daring malas,-1
besok saya offline sekolah lupa allah,-1
sekolah offline daring,0
besok sekolah offline kayak besok giat ajar ajar deh acara debat pilih organisasi siswa intrasekolah oh iya doa pilih anggota organisasi siswa intrasekolah,1
besok sekolah offline uhuy sesi,1
besok sekolah offline,1
anak sekolah offline saya maish rumah jujur saya iri,1
saya sarap langsung mules pas jaman zaman sekolah offline sakit perut,0
sekolah offline pas on,1
murid tes pacar random orang tentu sekolah offline tolong moga negatif rindu uang jajan,1
maless banget besok sekolah offline,-1
sekolah offline el,0
tata sekolah offline,0
santai rebah sekolah offline,0
teman teman sekolah offline,0
saya curhat saya sekolah offline saya bingung saya masuk this anxiety bothers me saya for your information orang tua saya saya anxiety saya konsultasi halo doc,1
andai kayak sekolah offline kejar nilai iya kesan egois iya iya saya apa andai teman tertawa lucu banget dddd,0
semangat sekolah offline,1
puas baca au selagi sekolah daring offline baca au,-1
gara gara sekolah offline up,1
sekolah daring orang offline,0
sekolah offline tugas cecer anjing,-1
aaa akun uruss sibuk sekolah offline akutuu rumah langsung tidurr skskksjs,-1
anjing konteks sekolah offline serta kenang,-1
sekolah daring capek mental sekolah offline capek fisik dahla rumput,-1
kayak sekolah offline bullying gara gara bocah cilik tonton tokrev,-1
christyjkt pikir sesuatukarena rabu ulang matematikadan sekolah offlinejadi pikir strategi googlehehehe canda canda,1
semenjak saya sekolah offline asa minggu cepat banget dha minggu,0
saya benar deh banget sontek sekolah offline enak anjing sontek,1
sekolah offline,1
kangen musim hujan pas corona musim hujan pas sekolah offline,1
offline besok pas sekolah takut teman teman saya pergi geng baru tertawa,-1
besok beli handphone saya sekolah offline iwww panas banget saya gambar sekolah offline,0
please banget sekolah ku offline batas,1
sringg sekolah offline daring gapapaa,1
sekolah offline kisar an ngemall,1
sekolah sekolah offline,1
orang orang senang sekolah offline saya gemetar tidur wkwk,1
sekolah offline kadang jam bangun,1
malas sekolah offline kejar kereta doang,-1
saya ggr tanggung kayak tugas sekolah club etc pas buka genshin bawa capek daily commis puas puas main sekolah offline,-1
you kayak pas sekolah offline semenjak daring school dikasihtau rankingnya sjdjdjsjjds,0
senang kak minji sehat wkwk kemarin menang benar senang minggu sekolah offline duit ku belikan pc kevin kayak aduh kayak bahagia banget besok libur kayak senang,1
semenjak sekolah offline jam tudur saya kayak jam gin mata berat banget saya begadang oi baca au malam,-1
pakai masker plisss sekolahkuliah ayo offline sedih daring muluuk gara gara covid selesai offline anjri,1
sekolah offline full seninjumat jam guna orang aneh episode nctzen,1
salat doa ku satu kabul mual sekolah offline cerdas otak akademik non akademik benar diturutin doa pas salat subuh pas jam tugas,1
alhamdulillah kak semenjak sekolah offline susah main twit hikss,-1
kuliah cirebon offline kuliah pamit sekolah kelas tautau kuliah tertawa,0
senin offline beli sepatu sekolah,1
sekolah offline,1
sekolah offline gendut,1
allah weekendgue sekolah offline,-1
semangat sekolah offline gara gara crush wkwkwwkwk minderrr,1
assalamualaikum murid murid kelas offline guru urus kat sekolah,1
kak ell sekolah offline kah minggu saya sekolah offline,0
sekolah offline capek banget,-1
sekolah offline sibuk,-1
gelisah selasa rabu masuk sekolah offline hafal dihafalin,-1
aaaaa kak rani sekolah offline,0
min suka sekolah offline,1
gara gara libur sekolah offline minggu gapengen sekolah offline gxbsnanajsjjss nyaman rumah,-1
siapsiap sekolah offline mvs,1
diijinin sekolah kemarin jumat pramuka offline sekolah offline,1
umur banget enggak anak umur ku pas sekolah offline lihat teman dongak makan pandemi teman tahun ku,0
sekolah offline pelajarann bocan rumah,-1
aaa kangen sekolah offline,1
sekolah dasar padus pas sekolah offline kopit,1
sekolah offline suka uji daring,1
sekolah offline ulang daring,1
sekolah offline,1
jujur capek capek kayak asa gituuuu offline sekolah lanjur lulus offline,1
suka sekolah offline daring,0
senang lihat anak sekolah offline allah dunia normal,1
adaptasi virus varian harap lepas masker kayak covid harap banget sekolahkuliah offline saya ngerasanya kayak bayar kuliah masuk materi,1
tolong cptcpt sekolah offline tolong uang jajan double sisa ongkos kirim,1
seninsabtu sender sekolah offline full lt,1
jual pc beli kacamata ku sekolah offline papan tulis buram,0
korea sekolah offline sekolah breng kayak izone realita show,1
suka sekolah offline sekolah ajar kadang kasih latih pas pulang tengoktengok handphone tugas jadwal ajar jarak jauh kesal betoolllllll,-1
konteks sekolah ketemu offline,1
sekolah daring gaib offline muncul,1
panaas banget sekolah offline,-1
jahat banget jam sekolah huhu jadwal offline tt,0
sekolah offline,-1
penjara luthfi hasan ishaaq ahmadiyah cikeusik pandeglang banten jawa barat indonesia juragan jual mobil bekas toyota kijang innova diesel sekolah offline tubuh manusia unduh salah,0
orang kayak jgdulu sekolah offline guru materi lisan presentasi ikut mulut guru bicara catet otak ku cepat paham materi,1
rela sekolah offline,1
bismillah siap sekolah offline,1
sekolah offline sekolah,0
sekolah offline the best,1
saya offline capek sekolah doang kira offline tinggal di kos,-1
rl enak langsung daftar les mandarin desember uji ikut ajar sekolah tugas ganggu anw sekolah sabtu les mandarin offline terima kasih saran,1
sekolah offline sial murid saudara laki gurune,-1
sekolah daring bagi tugas sekolah daring x lipat x lipat sekolah offline kelas tugas pas kelas,0
semenjak sekolah offline jarang aktif twitter hshsh,-1
min wishlist bgadang kantong mata hitam sekolah offline pakai masker jidat belang wkwk wishlist somethinc holyshield sunscreen comfort corrector serum spf somethinc game changer tripeptide eye concentrate gel,0
aduh besok senin sekolah offline sekolah yoyakarta dom ku klaten nglaju deh,-1
sekolah offline mari babu sekolah,0
sekolah offline biasa ajar,1
yrl informasi kerja daerah sidoarjo jawa timur offline bu banget bantu orang tua by the way sekolah,0
live lapor sekolah bina program kerja sekolah bina offline sekolah dasar negeri kedungbanteng tema lawan covid gera divisi abdi masyarakat hima kbmkm unsoed,0
too niel sksksk sekolah offline,1
kii sabar sekolah daring offline,0
guru nyeremin takut mindep sekolah offline,-1
sekolah offline egk mniezz,0
sekolah offline,1
sarap mandi sekolah offline lupa,0
tuhan besok sekolah agama offline presentasi,-1
zona hijau moga dom sekolah offline,1
san pulang sekolah ajar offline,0
malas banget sekolah offline,-1
banget sekolah offline sarap perut enak makan jam an istirahat,0
