tweet,label_prediksi
"Dia anak baru, terus baru sekolah offline beberapa hari langsung banyak bgt yg suka cuyğŸ˜© https://t.co/ZnozIoRAKj",negatif
"@tanyakanrl pernah si pas awal awal masuk sekolah offline, galama deket deket ujian langsung di serbu 2 cowok",negatif
Mulai pusing. Terakhir kali begadang seminggu penuh hari jumatnya sekolah offline gw rasanya mau mati,positif
"Si anak sulung sudah semester akhir, tahun ini. Biaya membengkak, sekolah sudah offline, perlu bensin untuk bimbingan, tapi tidak perna diberi uang saku. Cuih.",positif
"@schfess Buat aku, susah. Pas kelas 10, udh tekanan linjur, lingkungan yang bener bener baru, awal covid, online, masa adaptasi, temen yang ga supportif, bikin makin males sekolah
Tapi pas kelas 11, udh mulai offline, ktmu temen sekelas, kayak gampang gtu ktmu yg positif",netral
@aidaneksa INI LAGU KEBANGSAAN DAN KEBANGGAAN JAMAN MASIH SEKOLAH OFFLINE DULUUU WUAKAKAKAK. tiap jamkos pasti nyanyiin ini sambil gebrak gebrak meja atau tong sampah,positif
"@schfess Aku nyesel selama pandemi terlalu santai dan males belajar. Pas sekolah mulai offline, udah ngejer ketertinggalan mapel (yg belum aku pahami) malah susah masuk ke otak. Buat sender dan kalian semua, jangan sepelein waktu ya.",negatif
"@aloehoshi Just online concert onlyâ€¦ yang offline belum pernah JSVSJSHS unless pensi sekolah shhshs aku pernah ketemu tulus, rizky febian sama nadin amizah sjsbsnbs",positif
"main cod juga kagok, wajar sih kek udh lama bgt semenjak sekolah offline gapernah main lagi ğŸ˜­",negatif
"@SIAPonline Untuk edit file upload udah dilakukan, apakah harus kembali ke sekolah secara offline? https://t.co/XSyMutpJ3V",positif
"@huffingspalshh @ohmybeautybank Dulu sebelum covid sekolah offline berusaha tiap berangkat sklh jangan ngaca di spion, suka kaget sendiri liatnya trs nanti jadi bt di sklh deh ğŸ™„",positif
@convomf Peluk jauh buat sender. Pasti berat banget ya. Apalagi sekarang sekolah udah full offline juga.,positif
"hi, aku mau jual akun zenius aku. Kemarin aku beli cuma salah pilih paket. Alasan aku jual karena semester depan ada jam tambahan dan les offline. Paket Aktiva Sekolah Lite 6 Bulan 22/23. Dari hrg 150k jadi 100k aja.
#zonauangï¸ #Zonajajan #zonaba #utbk2023 https://t.co/JI511fcpAt",netral
@chfluv SEKOLAH FULL OFFLINE JADI JARANG BUKA TWT,negatif
"Kangen bgt gak sih setelah sekian lama pendemic akhirnya dibolehin sekolah offline, seneng bgt akhirnya bisa pake tas keren dari @exsportbags yg lucu bingittt.
#BagToSchool #BringyourbackpackOut

Link :
Shopee : https://t.co/NMzuEek0mb""",positif
kebiasaan tiap ulangan mtk dulu wowkwokw kangen sekolah offline dkit https://t.co/vrVsg2JfXF https://t.co/TYsxC1VEko,positif
Tapi saat haid gitu biasanya keluar tuh jerawat tapi cocok kok. Saat sekolah offline yah gue mendingan buat wajah gue eh tau taunya potek sih crush udh punya nyesek sih padahal gue glow up biar dia kepincut gue hahahah.,netral
@melobigwavie @changchubie iyaa kakk gampangg. kemaren aku sambil sekolah offline tetep bisa kok. ini aja aku udah daftar lagi meskipun PKLğŸ‘ğŸ»,netral
Males banget kalo nanti sekolah offline -_-,negatif
"aku belajar buat utbk tuh 7 bulan full non stop, di barengi sama aku sekolah offline, ngurus kti, sidang juga 

benerÂ² udh prepare jauhÂ² hari, aku udah usaha sebisa ku... tapi, aku ttep yakin Tuhan pasti ngasih aku hasil yang terbaik buat aku",netral
COBA LU SEMUA MAJU SINI YG TERKEJUT MAU NONTON TAPI TERHALANG SEKOLAH/KULIAH OFFLINEğŸ˜­ğŸ˜­ğŸ˜­ğŸ˜­KITA KUDU GIMANA INI WOY MASA IZIN BUAT SURAT ALESANNYA KONSER,netral
aaaaa pengen ketemu yeonjun tapi gaa ada duit ğŸ˜­ğŸ˜­ğŸ˜­ğŸ˜­ pasti udah sekolah offline juga huweee,positif
"@schfess nyadarnya pas sekolah offline liat papan tulis ampe maju maju tetep gakeliatan, ternyata minus ğŸ˜ƒ",netral
sekolah lain classmeet offline sekolah gua classmeet online huuu gembel,netral
"Jadwal Offline Baking Class untuk bulan Juli 2022 di @omah_jajan â¤ï¸
Tersedia kelas untuk dewasa dan anak/remaja mengisi liburan sekolah. Informasi lebih lengkap bisa ke https://t.co/0gHKciiitx yah â¤ï¸ https://t.co/AP9fKr2FlT",netral
"Kemarin-kemarin Px dari Berau tinggal sementara d Jakarta cuma buat terapi, terus udah balik.
Habis itu Px dari Batam, pas harus balik k Batam karena koko'nya udah mulai sekolah offline, mamaknya sampe rela mau pindahin sekolah anakya yang lain ke jakarta.
Sekang px dari Belitung",netral
guru w ngepost pembinaan osn online / offline yang range harganya 1000k+ w kira sekolah mau memfasilitasi TERNYATA SURUH MASUK SENDIRI OALA JANCOK,netral
"@tanyakanrl do: belajar yang bener nder asli deh gue agak nyesel dulu belajar ga bener, [gue asumsiin lo udah offline ya sekolahnya] perbanyak kenangan kayak foto/video sama temen, perbanyak pertemanan, ikut kegiatan sekolah/luar sekolah, ikut lomba, naksir orang boleh pacaran jangan hahaha",positif
"ada satu waktu di sekolah gua ada sosialisasi offline, dan ya. Gua ngambil kesempatan buat nyariin dia yang mana. Eh ternyata, dia juga nyariin gua yang mana. Yaa.. penasaran namanya juga

https://t.co/GvtAkuaXyb",positif
"makin kesini gua di bikin penasaran sama ni bocah, waktu itu gua sekolah setengah-setengah. Kadang Offline kadang online. Dan setiap kali offline gua selalu curi-curi pandang buat nyari dia yang mana. Trus dia ngechat kaya gitu, ya makin suka lah gua anj 

https://t.co/VDJTf5fTd3",negatif
"itb! Atau kalau mau offline tolong tanggalnya di mepetin ke akhir bulan, bisa mendekati osjur atau sekolahâ€¦ sehingga bisa langsung lama di Bandung. Jangan di awal bulan begini dan dadakanğŸ˜­ğŸ™ğŸ» izin kita idul adha sama keluarga dlu kak pleaseğŸ˜",positif
"@prince_donghwa Langsung ke sekolah aja kayaknya bisa, udh offline juga, lebih enak langsung ke sklh, ga ribet",netral
"@wa_naju @owbgtu lah, sekolah gua offline LOL. Gausa bikin masalah seakanÂ² sekolah laen ulangan ya online lah, lo kkira sekolahan lo doang yg offline wkwk",netral
"@creamycookiesx bismillah, mau sepatu inii kak, kebetulan bulan depan udah sekolah offline, sama minta doanya ya semoga masuk di sma pilihan 1 (â•¥ï¹â•¥) anw semoga kedepannya sukses, dilancarkan rejekinya, sehat selalu kak devv ğŸ¤ https://t.co/Cx15nllwgx",positif
"@subschfess tapi SMA menurutku seru sih ttp, kyk cara berpikirnya mungkin udh beda ya jadi diskusi sama orng yg bener dan paham tu masuk gitu jadi kitanya jg bisa berkembang. Sedihny aku sekolah offline cuma dapet sebentar:(",positif
@poemhrt Udahh losttt bangett sama dikit lagi bakal sekolah offlineğŸ˜­,positif
"@rasjawa Anakku sekolah di Nursery 2th, bayar mahal2 gak ada perkembangan signifikan. Di sekolah yg baru setelah pandemi, masuk 3bulan lgsung bs tulis2 dan itung. Beda bgt klw offline ama online emg. Tetep aj tapi dy dinilai kurang ama standar yg seharusnya (semua gegara pandemi)",negatif
"@schfess Kalau pengen sekolah negeri yang bagus, saran aku bimbel nder. biar g nyesel. aku kls 9 bimbel dari awal, tmnku bimbel pas akhir2(pinteran dia). Tapi nilai ASPD Alhamdulillah aku lumayan. Bimbel itu membantu bgt, apalagi kalo kamu ada aspd.. saranku offline.. lebih enak ketemu..",netral
"@schfess kalo kamu ngerasa susah mahamin materi atau ada niatan buat masuk sekolah yang ada test nya kayak man dan lainÂ², bisa ikut bimbel. Kalo kamu tipe yang susah buat mahamin materi kalo online mungkin bisa bimbel offline. Kalo aku kemarin engga ikut bimbel nder soalnya mahal.",netral
"sebenernya dari TK-SMP suka mtk, tapi pas SMK bener"" ga minat lagi sama mtk gegara 2 tahun ga masuk sekolah aliasn offline class jadinya guru ngajar juga ga produktif dan bikin saya gasuka mtk https://t.co/7F1S98jEkM",netral
sekolah gue mau online ataupun offline udh 3 tahun tetep aja kalo classmeet lombanya mobile legends,netral
jujur males bgt sekolah offline,negatif
yallah udah kelas 12 bru kmrn coba sekolah offline lagi wkakwk smangat 23,positif
"Aku kira setelah sekolah offline gw bakal punya banyak teman dan punya bf,eh nyatanya gw diperlakukan tidak baik disekolah,dibully,di caci,dihina di lempari buah,dll dan gw cuma dapat teman dikit.katanya gara"" aku bencong. Afah iya gara"" itu doang langsung di hate?  
#gaymakassar",negatif
"Sedih lihat akhir-akhir ini di desaku ada lumayan banyak cewe di bawah umur yg hamil di luar nikahğŸ˜” asli, rasanya aku pengen banget ngadain seminar sex education buat bocah2 di siniğŸ˜­ semenjak sekolah offline byk kasus yg begini",netral
"@biancaajn sekolah? offline, online nilai ku turun",netral
plsplsplssss tahun ini sidang online tapi wisuda offline plsssssğŸ¥ºğŸ¥ºğŸ¥º selama sekolah gapernah ngerasain wisuda diantar lengkap satu keluarga karena gue bukan siswa berprestasi huhuhu,netral
"@indomiestoryau siapağŸ˜­ğŸ˜­ aku yhh, maafin yaaa nia kalau aku sering cuekin chat kamuuu. gara gara sekolah offline jadwal ku makin padat emang sih sering buka wa tapi kadang lupa balas chat orang :(. ku juga ngerasa kok aku yang salah di sini karna aku sering cuekin chat mu-",netral
"apayah vlog masuk sekolah, teruss daily sekolah aja (SEMOGA OFFLINE PLISSS) aku dari smp masa online terus beteee :///",positif
@ilovefikez ciee sekolah offline ya,positif
"Semenjak ppkm dilonggarin, arus ke arah kantor macet bgt woy. Padahal anak sekolah sama kuliah blm semua masuk offline, pas udah offline bakalan lebih parah nih",negatif
"@jjkookluvv klo pengajuan akun dri rumah jg bisa (online), offline jg bisa ke sekolahan terdekat, tapi klo verivikasi berkas harus ke sma atau smk terdekat, gak harus ke sekolah yg di tuju, kan itu konteks nya masih buat akun ppdb, bukan pendaftaran",netral
"Fyi sekolahku baru2 aja offline lagi setelah bulan puasa ini, kemarin2nya kita bener2 masih online di saat yg lain udah offline karena ribet oleh satu dan lain hal gitu. Jadi bener2 masuk sekolah offline cuma 2 minggu abis itu langsung ulsem..",netral
"@smkfess kalo dulu sekolah aku iya, jam 3. tapi pas offline sekarang cuma sampe jam 11",netral
"@cloudynewwiee Pen gua tabok , buta matanya tiket ptj offline udah soldout kurang dari 1 jam ya . Kalo yang lu maksud tiket live streamingnya emang gak dibatesin bagong. Mau nyenggol fandom kita tpo goblok . Sekolah dulu yang bener njing . Maaf nder esmosyi ğŸ˜‚ğŸ˜‚",netral
"berisi 3 siswa dan/atau siswi yang berasal dari sekolah yang samağŸ˜

Gimana cara daftarnya???ğŸ¤”
Cukup mudah, kok. Kalian bisa langsung mendaftar secara online di: https://t.co/PkkEq44xG2
Atau bisa langsung menghubungi lokasi pendaftaran offline di rayon masing-masing.",netral
"berisi 3 siswa dan/atau siswi yang berasal dari sekolah yang samağŸ˜

Gimana cara daftarnya???ğŸ¤”
Cukup mudah, kok. Kalian bisa langsung mendaftar secara online di: https://t.co/PkkEq44xG2
Atau bisa langsung menghubungi lokasi pendaftaran offline di rayon masing-masing.",netral
"@shooneybby Udah mau sekolah offline,kayaknya ga sempet buka twt nanti :((",negatif
"bayangin temen-temen lo ikut remedial online, sedangkan lo yang ikut acara sekolah remedialnya jadi offline.",negatif
"@convomf heh tmnku juga ada yg gamasuk 2thn selama sekolah offline trs tibaÂ² diundang ke nikahan dia, nah tmn yg satu lagi setengah tahun gamasuk ajg emang pada gawaras deh kayanya udh sinting",negatif
"berisi 3 siswa dan/atau siswi yang berasal dari sekolah yang samağŸ˜

Gimana cara daftarnya???ğŸ¤”
Cukup mudah, kok. Kalian bisa langsung mendaftar secara online di: https://t.co/PkkEq4lAI2
Atau bisa langsung menghubungi lokasi pendaftaran offline di rayon masing-masing.",netral
"anj keinget someone yg selalu jd alasan gue stres tiap dibandingin sm ortua, bisa bisanya ga pernah ikut daring tugas telat dipanggil bolak balik sekolah trs pas offline bilang alesan krn keluarga ehh kmrn dinyatain lulus trs pas gladi entengnya bilang https://t.co/Eh5hB2Zpka",netral
"@schfess Pindah aja nder, aku dlu pengen pindah tp gabisa, cm sekolah 1,5 th offline tp stressnya sampe skrg",netral
"@O87HI Offline, biar bisa direview pas di sekolah juga",netral
"awalnya aku kira aku berhasil move on, karena emang dari dulu aku tipe orang yang gampang move on. saat sekolah offline kembali, aku juga biasa aja. ga se-excited dulu aku sebelum confess ke dia. aku juga ga ngelakuin modus kaya dulu. bahkan aku bilang ke temen, aku udah move on.",positif
@sheloveshariss @onyokim_ Pentingnya sekolah offline,positif
aku lagi pendewasaan di zmeet sekolah t____t sedih banget gue pendewasaan nya online KNP GA OFFLINE COBA bdjwbdhabsha pucek. tpi ttep sedih gue bsbdbebsb gue lulus T____T,netral
@yeonjunsipil iyaaa sekolah lain di sini juga offlineğŸ˜­sekolah gua gk jelas bgttt plsğŸ˜­,positif
"@filzterpjm anjir sekolah gue classmeet online tu 2020 kemaren, sekarang dh offline semua anjir aku liat di story orang orang",negatif
"Banyak temannya sudah terlanjur asyik dengan kehidupan online sehingga seperti hidup di dunia gadget. â€œDengan lagu ini, aku ingin mengajak, ayo kembali bersenang-senang bisa ketemu lagi dan kumpul di sekolah,â€ ujarnya. #rivialaksita #alienchild #kubukopi
 https://t.co/z411cbpLct",netral
"@emaknyadodger @convomf ""murid meninggalkan ruangan"" berarti dia beneran buka apps lain gitu kan atau ""murid offline"" kalau ini dia buka new tap dalam chrome, bcs webnya cuma bisa di apply di chrome gitu. temen gua pernah gini, cuma ada dua pilihan ngulang di laptop or komputer sekolah atau gagal ujian",netral
"tpi kalo ga ditanya, anaknya gengsian gamau dibantu. 

skrg gue udh rantau lagi dan doi dah balik sekolah offline, eh malah.... ğŸ™‚

biasanya gw yg negur nyokap kalo ngomelinnya kebangetan wkwkw semalem anaknya gue chat tp ga tega jg gue nanya2 ttg sekolah.",negatif
"halo temen-temen, hari ini aku abis perpisahan sama temen2 smp :( 

cukup sedih soalnya 2 tahun aku ngga sekolah offline 

pesan buat temen2 semua, semoga temen2 sehat selalu, panjang umur serta sukses, 
goodluck ğŸ˜€ğŸ˜«",negatif
sekolah offline bismillah skdhdidmdj biar bisa nabungğŸ¥² BISMILLAH KETERIMA,positif
"janji ga iri ngeliat graduation temen pada offline seru seruu, sekolah gw graduationnya online tapi ke sekolah cuma ngalungin mendali ğŸ¥ºğŸ˜“â˜ğŸ»",positif
"Kaya sekolah tuh gua ga bisa online anjirr, waktu masih offline everyday nih gua aktif banget anaknya pengen ikut ini itu belajar gua rajin, kalo di kelas gua fokus banget, pokonya suka jadi bahan contekan deh
Tapi pas online tuh gua jadi males banget njir bodo amatan pokonya",negatif
"serius deh, jasa tulis di online itu buat apa? sekarang kan rata rata udah offline sekolah nya ğŸ˜­",netral
"@ars_df @armyfess_ Mjb, dan menurutku krn udh banyak yg sekolah/kuliah offline dan wfo jg pengaruh sih",netral
"@schfess kirim ke perusahaan2 atau media psrtner yg biasa jalin kerjasama sama sekolah lain. kalo aku dulu langsung kirim ke kantornya offline tapi ga ada yg diacc aowkaowkaoak. malah dapetnya yg jalur ordal, bukan jalur sie sponsor. (cont.)",netral
Sekolah sama kuliah udh mulai offline ga si?,negatif
Ini nilai ujian sekolah offline :3 https://t.co/sGHaBX0zcL,negatif
"Udemy sama Kominfo, dulu aku waktu awal belajar digital marketing dari Kominfo x Grab, seru sih. Ada juga dari FSF UGM ini juga seru karena step by step. Kalo mau belajar instrumen investasi di IDX Semarang ada sekolah pasar modal dan bertahap, ada online sama offline juga kok https://t.co/OTmrSoDJ0t",positif
@zwyitsal Keseringan sekolah online.... Sekalinya offline pd lawak ğŸ¤£,netral
gw tkt war ticketnya pas ntar july PAS GW UDH SEKOLAH OFFLINE ğŸ˜­,positif
TARA MAK JRENG SENIN SEKOLAH OFFLINE ğŸ˜„ğŸ˜„ğŸ˜„ğŸ˜„ğŸ˜„,positif
"@nangisTao begadang kah? hayooo sekolah udah mulai offline, perbaiki jam tidurmu yaa biar ga kecapean &amp; belajarnu efektif &lt;33",netral
"Guys, yg dom Surabaya, sekolah/kampus kalian ada wisuda offline nggak? Dan kapan? Tolong bagi infonya yaa, mau menjajakan diri XD",netral
"Kapan sih anak sekolah masuk
Baru juga sekolah offline udah libur lagi
Berisik banget sumpah pagi2 teriak2
Kudu tak tapuki siji siji",negatif
@lovember11 @leesxhin Sejauh ini masih dilakukan secara offline dan dapat ditanyakan ke sekolah tujuan ya kak untuk prosedur selengkapnya,netral
@BERGUNJlNG gini gini gw sekolah 12 tahun offline sempat praktek renang ğŸ˜¢ğŸ˜¢ğŸ˜¢,positif
@Strawxxxbby @do0natt @Proteussiiu @sbmptnfess Kalo 2012 &amp; 2013 diseluruh kampus dan sma. Tes juga offline dari pagi sampe sore. Bisa muat sekolah dan kampus di indonesia banyak.,positif
"@convomfs ğŸ’­ things u remember from 2022? 

jan : pertama kali masuk sekolah offline krn selama mm sakit aku sekolah nya online sendiri
feb : mama gak ada
mar : nonton jjk sm bestie
apr : temen ku pulang dri ponpes
may : his birthday!! Dan aku ngucapin buat pertama kalinya
jun : classmeet",netral
"Duo #Alien Child, Aya dan Lala, mengorbitkan penyanyi remaja Rivia Laksita dalam karya terbarunya. #denpasar #Baki #musisi  https://t.co/z411cbpLct",netral
"(21_199) Surabaya - Pada pagi tadi (17/6/22), tepatnya pukul 07.00 WIB, SMPN 48 Surabaya kembali mengadakan wisuda secara offline tanpa batasan undangan. 
Acara wisuda diadakan di lapangan utama sekolah dengan beberapa pertunjukan yang telah disiapkan untuk memeriahkan acara. https://t.co/VqtdZOeRYx",positif
"@schfess emmm gue yg begini dari kelas 10 ga ngerasa malu sih nder, selama itu uang gue &amp; gue ga ngerugiin siapapun. Ditambah gue pulang dari sekolah pas offline itu udh ngerasa cape bgt jd bisa2 kalo gue pake angkutan umum kemungkinan untuk terjadinya hal yg tidak diinginkan lebih besar",negatif
"@alovasoe WOWW WOWW SERU BGTT ADA CLASSMEETğŸ˜»TAU GASII INI ANEH BGT TEMPAT KU, jadi tu sekolah ngasih pilihan classmeet offline ( yg hadir cuma peserta doang ) atau online ya jelas dong pada ga milih semuaa akhirnya ga di adain classmeet :( ini sekolah ku juga aneh classmeet online????ğŸ˜¿ğŸ˜¿",netral
"@spacehammy Namanya Catherine juga tapi julukannya ""Cat"" ğŸ˜‚ğŸ˜‚ğŸ˜‚ğŸ˜‚

Cat punya banyak temen karena aktif di banyak organisasi di luar sekolah, online maupun offline. Biasanya organisasinya di bidang volunteer yang bantu2 sekitar karena Cat suka bantu orang lain. https://t.co/yssUt8IfoU",netral
"@convomfs jan : sekolah offline
feb : ultah
mar : online lg
april : puasa, event di sekolah
mei : sekolah lg
jun : pat",netral
@convomfs gue sekolah offline cmn 1 tahunğŸ¤¡ğŸ¤¡ğŸ¤¡,positif
"[Cm] gais di sini ada yang kuliah offline pakai tablet+stylus? Kalian kaya diliatin banget sm temen sekelas gitu gak? Aku niatnya nanti sekolah offline mau pake tablet, tapi takut tmn sekelas aku kaya gimana gitu ke aku :(( saran dong gais enaknya gimana",negatif
"@ohmyhcn akuu udah offline dari lamaa, tapi ya gitu deh sekolah ku emang aneh dari dulu, osis ngusulin  classmeet itu malah dimarahin terus malah dikasih pilihan ituu, yaa yaudah mending gausah wkwk, padahal sekolah lain pada ngadain juga gapapa kok malah pada konser kecil kecilan...",negatif
"@butterfliestpg HAH??? NANGIS BGT WKWK classmeet online itu ngapain sumpah.. ga berasa serunya itumah, kalo beneran diadain kita sebagai murid ngapain natap layar doang..... emang sekolah kamu belum offline jee? belum boleh berkerumun gitu?",positif
"SMA  di diklat di sekolah.
trs ndiklat adek kls di luar sekolah.

ospek kampus online.
giliran ngospek offline.

hoki mulu wkwk",positif
"@fairyyyii engga ada kaa, ini ketawa bgtt malah sekolah mau ngadain classmeet online, dikasih pilihan mau online apa offline ( tapi yang hadir cuma peserta aja), jelas pada gamau akhirnya diputusin ga ada classmeet :(",netral
"@ohmyhcn SUMPAH SA AKU KEATAWA BGT INI, masa sekolah mau ngadain classmeet online, jelas pada gamau lah ya aneh bgtt classmeet online???? dikasih pilihan classmeet offline tapi dengan syarat yang hadir cuma peserta aja atau kalo gamau ya online, akhirnya pada mutusin ga ada classmeet :(",netral
"sedang menyesal kenapa sma gak sekolah offline. bukan salah gue sih, tapi AAAAAAAAAAAAAAAAAAAAAAAAAAAAAAAAAAAAAAAAAAAAAAAAAAAAAAAAAAAAAAAAAAAAAAAAAAAAAAAAAAAAAAAAAAAAAAAAAAAAAAAAAAAAAAAAAAAAAAAAAAAAAAAAAAAAAAAAAAAAAAAAAAAAAAAAAAAAAAAAAAAAAAAAAAAAAAAAAAAAAAAAAAAAAAAAAAAAAAAAAAAAAA",positif
"Ges aku baru bangun tidur siang terus tiba2 kepikiran, kemaren aku baru aja ngasih2 baju seragam sekolah ke sepupuku termasuk rok hitam sama baju putab krn lagi bebenah lemari, padahal klo ospek ptn! nya offline kan masi kepake :)) *eh kira2 bakal offline ga ya?? Gpp  (cont..)",positif
"@tanyakanrl ini mepet kkm banget nder asli ğŸ˜… soalnya nilah akhir semester kan. coba lo flashback 1 tahun belakangan ini :
1. lo rajin masuk sekolah even itu online/offline ya? 
2. lo rajin ngerjain tugas ga? 

karena yaa untuk ukuran rajin itu setidaknya 80 udah di tangan, sisanya kemampuan",netral
@schfess seringgg apalagi pas jaman mulainya sekolah offline lagi di jkt krn sekolahku salah satu sekolah pertama yg dibuka buat luring trs diberitain mulu di channel channel nasional wkwk,netral
gue diusir anjj!! mak gue nanyain mulu gue offline kapan soalnya kamar gue mau dikos in buat anak temen mak gue yg sekolah di smansa..,negatif
"@schfess percaya ga percaya, tapi ya kenyataan nya begini sksksk padahal masih pengen ngerasain sekolah offline, jajan ke kantin, gibah di kelas, liatin crush",positif
udah sekolah offline kan? siapa tau butuh #fnfjb https://t.co/sBYrJvteTA,netral
@PPDBDKI1 @De_n_a Artinya tidak wajib kita lapor diri secara offline ya ke sekolah tujuan? karena kwatir nama anak hilang atau terhapus.,netral
"sekolah 2 tahun time so fast, 1 setengah tahun online trus sisanya offline tp cepet banget ğŸ¥º https://t.co/D4GfppGz8U",netral
"Detail lelang #betis12

Bagpack Mitre
2 resleting
Ada slot laptop 
Tinggi 49cm, lebar 30cm

(-) tulisan Mitre agak faded

Sudah mulai sekolah offline dan WFO! https://t.co/Gs0JWJ9w1B",positif
"Plis ya, Covid. Jangan ngadi-ngadi lagi. Anak aku mau sekolah offline, udah dia nanti-nanti selama berbulan-bulan. Dia udah berdoa tiap malam biar kamu hilang. Dia udah rajin pakai masker &amp; cuci tangan. Dia udah vaksin. Plis plis plis.",positif
"ğŸ’­ things u remember from 2022? 

jan : mulai masuk 100% offline
feb : photoshoot yearbook
mar : uprak &amp; ujian sekolah
apr : pusing nunggu hasil snm, dilema lanjut sbm atau suren
may : pulang kampung 
jun : wisuda https://t.co/uEnjVRWY7c",netral
"Via ini mengatakan, siswa sekolah mengalami masa-masa sulit karena terpaksa bersekolah secara #online tanpa bertemu dengan teman-temannya secara #OFFLINE . #pelajar #denpasar #Bali 
https://t.co/L7UH9TP6ho",negatif
"Selamat mempersiapakan liburan semester #bestieâ˜€ï¸â˜ï¸ semangat hari terakhir sekolah ga sii atau masi besok? Sekalian aku mau spill deh bimbel offlinenya Ruangguru, Brain Academy Offline itu gmnğŸ¥³ğŸ¤©ğŸ’› #bimbelonline #OFFLINE #ambies https://t.co/3ORcGJ1vkT",netral
"jan: sekolah offline (happy bgt)
feb: lupa
mar: usbn, banyak foto sm temen2 ğŸ’˜
april: ultah me ke 18 dirayain di kfc
mei: ditembak sm ray ğŸ¤  https://t.co/K6071qFivs",negatif
"@neccanin Mjb dek, bantu infoin di Brain Academy Offline tersedia beberapa cabang di Jakut, Jaksel, Jakbar sama Jaktim kali aja ada yg deket rumah atau sekolah yaağŸ™†ğŸ»â€â™€ï¸ğŸ˜½ dan masi ada diskon bgt sebelum Juli plus cashback, lebih gede lagi klo uda pernah langganan paket RG apapunâœ¨ï¸ğŸ’«",netral
"@convomfs ğŸ’­ things u remember from 2022? 

jan : gue mulai nge crushin doi, nonton ty salma
feb : ikut lomba nari
mar : sekolah offline huhu
apr : bukber2
may : kerkel2 seru ğŸ¤© 
jun : pas full nt, jalan2 ke gembiraloka sm temen ğŸ˜­ğŸ¤©",netral
"@ziiyanjir tapi sekarang tuh kondisi mereka yang ga memungkinkan, kek sekolah aja online jadi kegiatan offline mereka berkurang dan apa"" pake hp. agak sayang sihğŸ˜”",positif
"ğŸ’­ things u remember from 2022? 

jan : akhirnya sekolah offline setelah sekian lama
feb : sakit sampe ngira kena covid karena gejala nya mirip banget
mar : pusing pat, uprak, us
apr : waktunya bersantai santai ria
may : pusing mikirin ppdb
jun : masih pusing mikirin ppdb https://t.co/u3kZLZt9jn",netral
Semangat buat besok yang masi sekolah online/offline,netral
"@Jokitugsfess Dah pada offline kalii nder, ini juga dah mo liburan sekolah pada terima raport",positif
"gua kan kemaren gradu diluar sklh tuh, tapi mas crush gua kaga ada yg ikut 22nya. trs enih ada gradu resmi di sekolah cuma org2 yg dipilih yg dateng offline TRS MAS CRUSH GUA 22NYA ADA WKWKK gweh jg dipanggil akwoakwok. jujurli mau gua ajak potbar tapi mental gua yupi bgt plss,,,",positif
"[160622] nct dream offline fansign event 

2. Mereka mengatakan sedang mempersiapkan koreografi beatbox seragam sekolah
(Apakah tidak apa-apa jika saya mengenakan seragam sekolah dan mahkota dan melakukan segalanya?)
#NCTDREAM #Beatbox https://t.co/fqAAA6n3xX",positif
*bisa terus sekolah offline*,positif
"klo lu gk bahagia pas SMA, bukan berarti org lain bakal begitu juga. masa SMA itu masa terindah dalam hidup aku sih, sampe aku cerita mulu di blog betapa takutnya kehilangan masa SMAğŸ˜‚ semoga kalian yg baru mulai SMA terus sekolah offline dan merasakan apa yg aku rasakan jugaâ˜ºï¸ https://t.co/JLsW3Yx1bo",positif
"@burhan_infinity iya mas, harga segitu dengan fitur mumpuni. skrg krn anak udah sekolah offline, tabletnya sering saya pake ğŸ¤­
buat buka email, excel, word sama powerpoint enak juga wlopn processornya masih quad core. dan yg saya suka baterainya 6000 mAh, tahan lama ğŸ˜",netral
"oh tak lupa congrats kawan-kawan sekolah,tuition offline,tuition online yang cemerlang.and terima kasih semua cikgu-cikgu yg pernah mengajar saya thank youu #Spm2021",netral
"jan : Akhirnya sekolah offline lagi
feb : sibuk daftar snmptn
mar : gatau banyak belajar aja....dan LULUS SNM 
apr : daftar ulang kuliah dan pengayaan LSP ( Ujian Sekolah juga tentunya)
may : Ujian LSP
jun : Lulus deh tinggal nunggu kuliah https://t.co/GqGVyZ9hD8",netral
"@convomfs jan : Akhirnya sekolah offline lagi
feb : sibuk daftar snmptn
mar : gatau banyak belajar aja....dan LULUS SNM 
apr : daftar ulang kuliah dan pengayaan LSP ( Ujian Sekolah juga tentunya)
may : Ujian LSP
jun : Lulus deh tinggal nunggu kuliah",netral
@hjwluvss IYA ANJRITTTTT KAYANYA EMG SEKOLAH W DOANG YG OFFLINE GAJETOT BGT ASLIğŸ˜’ğŸ˜’ğŸ˜’ğŸ˜’,negatif
gue kira sekolah offline bikin gue mental gue baik tapi ternyata malah makin parah sjsjsksksl,negatif
"@convomfs ğŸ’­ things u remember from 2022? 

jan : pertama kali sekolah offline stlh ampir 2 taun online
feb : deket lagi sama prejonan ku
mar : upt+pensi+nonton sama prenjon
apr : stress menuju utbk
may : utbk, makin deket bgt bgt bgt smaa prenjonan
jun : asing lagi sama prenjonan:)",netral
"@convomfs jan : ultah, sekolah offline, foto bts
feb : kena covid
mar : us offline
apr : pm utbk, puasa
may : lebaran
jun : gradu",positif
"@convomfs ğŸ’­ things u remember from 2022? 

jan : msk sekolah offline punya tmn
feb : masuk club voli
mar : beli pc pertama kali
apr : reuni tmn sd
may : jalanÂ² ke jogja, dremies ke indo
jun : beli album pertama kali",netral
"@napcozys HIHI THANK YOUU &lt;33 iyaa sekolah aku juga offline kok, tapi sayangnya aku lagi kena covid, jadi mau gamau dari rumah deh.. ğŸ˜ğŸ’”",positif
"Bocil jaman sekarang pada sok banget sih, gajelas. 
Lebih baik kalo anak belom butuh handphone tuh gausah dikasih! Sekarang sekolah kan udh mulai offline tuh nah ambil hp nya ğŸ˜’",positif
"@convomfs jan : sekolah offline seruu
feb : tante meninggal + pusing uprak
mar : aku di operasi
apr : pusing, nangis belajar utbk
may : utbk 
jun : deg deg an nunggu hasil utbk tiap hari tkut bgt:)",negatif
"ğŸ’­ things u remember from 2022? 

jan : sekolah offline seminggu 3x tapi Â½ hari doang
feb : SEKOLAH ONLINE LAGI HMZ
mar : GIDLE COMEBACK &gt;____&lt;
apr : ujian lsp ğŸ˜¥
may : dunno, tapi di bulan ini gue merasa banyak duit karena lebaran ğŸ¤£
jun : ujian ptn, semoga lulus deh ya https://t.co/UBdPjMQgzD",netral
"@convomfs jan : sneng krn udh skolah offline trs mulai suka sm org sekolah
feb : sdih krn daring lg 
mar : stress berat krn dh mau to 
apr : bulan keramat bgt soalnya gua uprak sm ujian skolah trs jg gua udh mulai akrab sm crush cm sbntr doang 
may : study tourğŸ’•
jun : kelulusanğŸ’¯ğŸ˜»â˜ğŸ»",positif
gue pas kelas pagi offline dan baru sadar bocil kematian udah mulai sekolah lagi https://t.co/eA8oCqr7J9,positif
dulu pas adek masih sekolah offline kelas 10 doi sering pulang telat dimarahin diem aja ga pernah jawab ternyata telatnya karena selalu minjemin temen sebangkunya kalo ada tes/pr yg perlu pake hp karena temennya ga punya jd doi nungguin temennya selesai tes dulu ğŸ¥²,negatif
"@convomfs jan : sekolah full offline 
feb : konser loona ğŸ˜
mar : uas uprak us 
apr : puasa
may : lebaran
jun : final queendom, graduation, pcs, loona ğŸ™",netral
"Dalam menyambut momentum tahun ajaran baru dan kembalinya bersekolah secara offline, Gramedia menghadirkan rangkaian promo â€œGramedia Sahabat Sekolahâ€.
 
https://t.co/w3Eg0SHw8E via @serambinews",netral
"[askrl] misalkan keterima volunteer offline luar sekola, pas jadwal sekolah masuk tuh gimana izin nya?",netral
"@convomfs jan : sekolah offline
feb : sekolah online
mar : online agak gila
apr : lebih gila lagi
may : puncak kegilaan
jun : libur",negatif
"@_tsumutoroo__ ehiyaaa gakpa kak, yg sekolah emang banyak yg udah offline sik kak tp klo prodiku masih belum :(",netral
"@convomfs jan : sekolah offline 100% lagi 
feb : uprak
mar : ujian sekolah + pengumuman snmptn ğŸ¥²
apr : puasa &amp; my bday
may : lebaran dan pulkam ke Malang lagi after 5 tahun ga pulkam + utbk
jun : NUNGGU PENGUMUMAN SBMPTN, DOAIN AKU LOLOS PIL 1 YAAAğŸ™ğŸ»",netral
"@convomfs ğŸ’­ things u remember from 2022? 

jan : jl byk post &amp; sering online after a long time
feb : tugas hafalan senam skj 2018
mar : txt 3rd anniv &amp; nonton fanlive mereka
apr : sekolah offline jor-joran
may : idhul fitri tp cuma libur seminggu
jun : bts cb (jgn lupa stream yet to come)",negatif
"@schfess Boleh nyaranin Brain Academy Offline by Ruangguru nder? Kali aja deket sama rumah&amp;sekolah dan lebih affordableğŸ”®ğŸ’«âœ¨ï¸ boleh bgt dm buat konsul sm tanya2 harga ya, skalian lagi ada promo sebelum Juli+cashback. Bantu spill fasilitasnya jg lwt video ini yaağŸ https://t.co/nGqOnGRY9H",netral
@firsteinlight @wxndwitch Harus verifikasi offline ke sekolah tujuan. Baru nanti muncul di onlinenya.,netral
"@convomfs jan : offline school
feb : uprak
mar : ujian sekolah
apr : gada yang special
may : kelulusan
jun : utbk, jalan sama bestie yang lama ga ketemu",netral
@convomfs jangan sampe sekolah online lagiiii gue sama temenÂ² gue udh puyeng mikirin progja offline PMR masa harus diubah jd online?!!??!,netral
"@convomfs ğŸ’­ things u remember from 2022? 

jan : ultah, sekolah offline, hebring snm
feb : daftar snm keknya
mar : uprak, us, alhamdulillah lolos snm
apr : puasa, main, drakoran
may : lebaran, main, graduation
jun : so far baru inget captijar ama kerumah bu juni",netral
"@BudiGSadikin pak, kpn rencana vaksin covid booster utk usia 6-17 th ? sdh masuk liburan sekolah (mobilitas meningkat),sekolah udah offline setiap hr, kasus covid lg tinggi. mohon dipertimbangkan boosternya &amp; jg pelaksanaan vaksin covid bagi usia 6 bln - 5 th ya pak.. ğŸ™",positif
"@convomfs jan : sekolah offline yey
feb : sekolah online lg -_-
mar : uts, us, ngurus berkas, dll. sgtt penat
apr : puasa, bukber, uprak seru pol, ditolak ipb ğŸ’”
may : lebaran, utbk
june : gradu, pengumuman sbm semoga lolos pil 1/pil 2 aamiin ğŸ¤²",netral
"@convomfs jan : sekolah offline
feb : masuk eligible milih jurusan, pesta bareng temen
mar : ga keterima snm
apr : bimbel, to, puasa, nangis, cape
may : utbk, nangis, cape, hampir gila keknya
jun : keterima SBM WKAKWKA TOLONGGG PLSSS AAMIININ ğŸ™ğŸ»",negatif
"ğŸ’­ things u remember from 2022? 

jan : pertamakali sekolah offline
feb : online lagi, foto bookyear
mar : pts online, uprak offline
apr : us offline
may : JOGJAAAAAAAA 
jun : kelulusan, wisuda https://t.co/gJHgrTujbp",netral
sekolah gw beneran gada gradu offline yah... hade,positif
"Berasa gk sekolah walaupun 1.5thn offline (sebelum pandemi)

Apalagi abis itu nganggur setahun dah beneran kerasa nganggurğŸ˜­ https://t.co/wvglv7kJir",netral
buat c0vid plis jangan naik lagi gw mpls sma gw offlineğŸ˜­ğŸ˜­ğŸ˜­ğŸ˜­ gw mau sekolah offlineğŸ˜­ğŸ˜­ğŸ˜­ğŸ˜­ğŸ˜­,positif
"lo tau kenapa gue tetep antusias sekolah offline meskipun masa masa kelas 10 gue selama ini kek rollercoaster? ya karena SMA itu sekolah berseragam yang paling terakhir, kalo udah kuliah mana bisa kayak gini lagiğŸ˜­

i need those songs to colors my imagination up",negatif
@PPDBDKI1 @Nokomplen Maksudnya disini langsung ke sekolah secara offline atau tunggu dihubungi sekolahnya ya kak?,positif
"@convomfs jan : sekolah mulai offline
feb : uprak uprak + covid
mar : keluar pulau daftar sekolah + imtihan
apr : date panas panas jam 11 ke pantai
may : disidang bk krn pernah pacaran + hug my cutie so tight
jun : maybe for the last time, i met my karina",netral
"@Askrlfess Anak sekarang seneng bgt daring, klo kuliah/sekolah milih daring tpi tetep aja nongkrong sana sini, pdhl klo sekolah/kuliah enakan offline tau drpada daring",positif
"ğŸ’­ things u remember from 2022? 

jan : sekolah offline 100%
feb : konflik banyak banget ya Allah tolong
mar : UAS
apr : ujian ujian sekolah tidak ramah
may : LIBOR AHAHAHAHA
jun : Sibuk PPDB guys https://t.co/e13Mk6mlqj",netral
"@convomfs jan : Mulai sekolah offline
feb :plg seru, bcs ni dmna gue bareng"" trs sama temen gue, lat uprak dll.
mar :  ter ajgg, gue ditolak di snm
apr : seru agak nt, stres ngebut buat belajar sbm. 
may : gue ujian sbmptn 
jun : ovt scor sbm,sres daftar sana sini",netral
"@convomfs Plisss lah ini mau ajaran baru, guwehh mau sekolah offline ya gess!",positif
Kasus siswa MTS #justiceforbintang itu parah banget pembullyan yang mengakibatkan bintang meninggal terus pelakunya anak dibawah umur itu tuh fatal banget tapi disini kita bisa ambil hikmahnya bahwa perlunya sekolah offline bukan hanya soal ilmu tapi untk membentuk karakter murid,netral
"@convomfs jan : pertama kali aku sekolah offline &amp; pulang malem cuz kerumah temen
feb : back to sekolah online
mar : gaketemu tmn n merasa semua temen pergi dr ak
apr : balik sekolah offline (renggang sama tmn sma, tp dpt temen lain)
may : ultah ak, nonton konser 
jun : liburanğŸ«¶ğŸ¼",negatif
"@paimonfess Karna klen satu sekolah nih ya, kalo offline, datangi lalu gebuk lah muka dia. Ajak betumbuk irl ngapain betumbuk di genshin.",positif
"@convomfs ğŸ’­ things u remember from 2022? 

jan : masuk sekolah offline
feb : kena cvd 
mar : sembuh cvd
apr : hariâ€ ngedate, ketemu ortunya pacar
may : lebaran, hp baru, ujian kenaikan kelas
jun : ultah",netral
"@Askrlfess heh anjir gue gak mau kek gini lagi ya, udah bagus sekolah offline soalnya dapet penjelasan kalau daring nanti ngaco gak akan bener. gue juga pengen ngerasain kelulusan secara offline yh, lo jangan bikin gue emosi deh nder",negatif
"@Askrlfess Padahal sekolah offline tuh menyenangkan loh, jadi banyak kegiatan yg bisa dilakukan bareng2 kayak pensi, class meeting, ngerjain project bareng2, banyak acara menyenangkan yg tertunda selama 3 tahun ini. Dan lu minta daring lagi???????? Like what???",positif
"@croffliesz ini gua awal"" sekolah offline lagi kemarenğŸ˜­",positif
"@convomfs jan : Ultah gw
feb : dpt beasiswa les offline gratis 
mar : Ujian Sekolah
apr : fase ğŸ¦‹
may : Utbk + break up wk 
jun : Lolos FK",netral
"@convomfs ptm full wkwkw + uprak
foto katalog 
buat ktp
ujian sekolah offline
utbkğŸ˜µâ€ğŸ’«
foto di self studio 

sisanya cm inget bolak balik inten rumah",netral
"jan : jadi badut nungguin trejo cb
Feb : trejo cb yeaaayyyy
Mar : idk, nemenin trejo promosi (?) sama pts keknya
Apr : TRACE ğŸ«¶ğŸ¼
May : Yoshi bday &amp; ptm pertama, after 2thn ga sekolah offline
Jun : pusingggg PAT ğŸ™ƒ RECORD PICF 10 hours +++ https://t.co/GD8QhxbNa4",positif
"@convomfs jan : masuk offline
feb : ngecrushin orang
mar : ultah kakak gua 
apr : eyang meninggal
may : hp rusak, ultah gua
jun : lagi sibuk banget jadi babu sekolah karena ada acara",negatif
"jan : mulai masuk sekolah offline lagi
feb : mulai daftar ke univ lewat jalur rapot
mar : stress US sama stress nunggu pengumuman dari UI
apr : keterima ajztsksvgss
may : nganggur, confess ke crush
jun : graduation akYsjsh seneng, dan kemudian nganggur lagi sampe September nanti https://t.co/kFJNPrDePk",netral
"jan : sekolah offline, ke puncak sama keluarga besar, ngepul mark
feb : treasure cb, dkt sama r word, mark solo
mar : ak ultah, haechan ngisi ost, PAT &amp; UM, pengumuman snm tp ak gk lolos wkwk, dream cb glimo
apr : treasure trace, pengumuman span ak lolos ğŸ¤©, puasa https://t.co/YCcsTC97ou",netral
"@convomfs jan : masuk sekolah offline
feb : uts sambil kena kopit
mar : ngga tau apa hambar
apr : puasaan sambil sekolah + maag kambuh dua kali berat gue sampe turun 5 kg
may : krisis duit soalnya gue boros tapi tetep jalan kesana kemari
jun : 3 minggu gak sekolah",negatif
"@jeonc4kes offline kena walk in gi sekolah, online kena pi website. nansmsmamdjsk nak gi ambik results kat sekolah, nak jumpa member jadnnssmamsm",negatif
"@convomfs jan : ketemu sm bestie sd
feb : prtama kali sekolah offline slama 2 thn
mar : ke pantai bareng temen
apr : winstreak di ml, masuk epic
may : ganti sendal setelah 3 thn 
jun : blm tau yh",netral
"@convomfs ğŸ’­ things u remember from 2022? 

jan : jalan jalan ke Jogja, sklh offline full
feb : lupa
mar : ga lolos snm
apr : ujian sekolah
may : sering jalan jalan 
jun : ambil ijazah, gampang nangis",netral
"@convomfs jan : sekolah offline, seru tp rada awikwok
feb : galau anjing putus 
mar : setres ujian praktek, selflove bingits
apr : puasa, naksir (BERat) sama nmixx esp sullyoon
may : lebaran, dapet pacar awikwok, jadi wibu
jun : ultah, kelulusan, insecure phase",negatif
"@convomfs ğŸ’­ things u remember from 2022? 

jan : MULAI SEKOLAH OFFLINEğŸ˜ğŸ˜ğŸ˜
feb : LUCAS APDET LOPE SEKEBONğŸ«¶ğŸ«¶ğŸ«¶ğŸ«¶ğŸ«¶
mar : TRY OUT 2 NILAIKU ANJLOK PARAH
apr : UJIAN SEKOLAHğŸ˜”ğŸ˜”ğŸ˜”
may : GA FOTO PAS WISUDA ANYINK MADAPAKA
jun : PPDB MUMET",netral
"@convomfs jan : gatau
feb : gatau
mar : w ultah
apr : mulai sekolah offline
may : kenal satu temen baru
jun : UJIAN AKHIR",negatif
"ğŸ’­ things u remember from 2022? 

jan : lupa
feb : sekolah offline
mar : us + pengumuman snm
apr : puasa
may : utbk
jun : gtau bakal inget apa kdpnnya https://t.co/K4mIk1AqDY",netral
"@convomfs ğŸ’­ things u remember from 2022? 

jan : sekolah offline coi
feb : sibuk 
mar : ultah
apr : COMEBACK NYA BIGBANG 
may : utbk
jun : SELAMAT! ANDA DINYATAKAN LOLOS SBMPTN 2022, cari kostan, mulai perjalanan baru ((jiakh)) AAMIIN YA ALLAH AAMIIN AAMIIN AAMIIN AAMIIN",negatif
"@convomfs ğŸ’­ things u remember from 2022? 

jan : sekolah offline
feb : suka sm crush
mar : awal bulan deket sm crus
apr : pertama kali di peluk crush
may : -
jun : lost contacts sm crush",positif
"@convomfs jan : offline school 
feb : got covid
mar : tugas akhir
apr : selesai sekolah 
may : KONSER ALLOBANK NCT DREAM
jun : graduations",positif
"@convomfs ğŸ’­ things i remember from 2022!! 

jan : sekolah offline (akhirnyaa)
feb : uprak(?) online lgi wkwk
mar : ujian2 kyknya
apr : traktiran, dolan, nobar (bye kos2an)
may : utebeka, txt comeback gbgb
jun : WISUDA!! (+perpisahan, +dolan)",netral
"menangisi perpus sekolah yang penuh novel tapi baru ada pas awalÂ² pandemi, dan baru kemaren baca pas offline. sekarang udah lulus ğŸ˜­ğŸ˜­ğŸ’”ğŸ’”ğŸ’” https://t.co/8KXWKrm1ww",positif
"@convomfs ğŸ’­ things u remember from 2022? 

jan : sekolah offline 100%
feb : -
mar : -
apr : -
may : - 
jun : ngang ngong ngang ngong doang tbaÂ² ujian kenaikan kelas. Hadeh",negatif
"@Askrlfess jangan doong, ak mw ngerasain sekolah offline",positif
"@schfess sepupu ku ada yg less disana juga, BA yang offline tapi. kata dia sih enak materinya dijelasin 2x trus bisa nanya tugas sekolah juga ke master teachernya",negatif
@schfess tmn aku yg sekolah offline nya senin kamis doang ttp lulus nder,netral
@lostt_boy_ Ihhhh kok jahat sihh.. Aku pengen sekolah offline lho,netral
@Askrlfess GUE MAU SEKOLAH OFFLINE,positif
"heran. tiap kampus ngeluarin kebijakan ""kuliah offline buat next semester"", corona makin menjadi aja. apakah corona gasuka sekolah? https://t.co/6gSfVIW0b6",netral
"adh bisa-bisa konser yg udh di jadwal kena cancel klo naik trsğŸ˜“ğŸ˜“ğŸ˜“ trs sekolah onlen lg. tp pls jangan ya Allah baru jg merasakan hawa"" sekolah offline ))))): https://t.co/JGWdVt4aiv",positif
"@axleera Bisa online bisa offline ka. Lebih enak offline karena bisa langsung menyerahkan berkas"" yang di butuhkan oleh pihak sekolah",netral
Yaelah plis aku mau Sekolah offline ğŸ˜”ğŸ˜”ğŸ˜”ğŸ˜”ğŸ˜”ğŸ˜”ğŸ˜”ğŸ˜”ğŸ˜”ğŸ˜”ğŸ˜”ğŸ˜”ğŸ˜”ğŸ˜”ğŸ˜”ğŸ˜”ğŸ˜”ğŸ˜” https://t.co/bhV8c9eFcF,negatif
@Askrlfess sebegitu bodonya ya lu nder ampe gaberani sekolah offline? wkwk gws deh yh.,negatif
@biggboyyz MOMENNY AJ DIKITTT soalny baru sekolah offline 2 bulan HAHAHAHA,negatif
@Askrlfess kenapa tiap mau ajaran baru selalu kasus naik? kan enak kalo sekolah/kuliah dah full offline :),positif
bener bener hal yg gue takutin pas sekolah offline tuh kejadian pas smp keulang lagi,netral
"@ditamoechtar_ Anak temen aku udah. Bulan kemarin. Mulai maraknya barengan ama hepatitis anak kmrn itu. Hati-hati ya parents. Ketularannya dr anak tetangga depan. Mungkin bawaan dr mulai sekolah offline kmrn itu. Untung ga terlalu parah, tp sampe seminggu stlh sembuh msh blm trll fit dia.",negatif
"Paipai SMAğŸ‘‹ğŸ¥ºğŸ«¶
Sedih bgt sumpah masa SMA ku gini... Gaada Kepikiran samsek masa SMA ku covid gini bener bener 1 semester kurang sekolah offline nya hahaha,tapi sekali lagi ada hikmah dibaliknya...tetep bersyukur ya dirikuğŸ˜” https://t.co/6glAdkk71P",positif
kek waktu awal sekolah offline aja langsung bisa baur satu sama lain gaada rasa awkward sama sekali anjir AAAAAAA NANGIS BENERAN,netral
@xhatredr @iqhakim @txtdrjkt Sekolah online gabut dirumah mulu sekolah offline gabut juga disekolah mulu ğŸ¥°,negatif
"Seru banget sih orangÂ² yang graduation nya di selenggarakan di sekolahnya, andai aja covid gak ada pasti bs ngerasainnya, ngerasain jadi kakak kelas pun engga:(
Sekolah offline cuma sampe semester 1 kelas 11 doang:(",positif
@_jessxs bismillah sekolah offline soon ğŸ™ bring back bullying,positif
"@iqhakim @txtdrjkt Baru juga masuk sekolah offline, udah tawuran
Ternyata cov19 ada baiknya juga ya",negatif
"Valid nggak nih? Yang duduk di bangku depan sama belakang coba kumpul sini ğŸ˜

Makin kangen sekolah offline nggak sih kalau ingat-ingat kenangan dulu sebelum pandemi? https://t.co/7rQFpZdzQo",positif
"@GemaShowIndo Dahlah mending sekolah online dilakukan lgi, begini nih offline muncul lgi siswa2 beban wkwkwkwkwk",netral
"di sekolah dong, ya meskipun langsung di usir satpam tapi gpp setidaknya offline ga online ekeke SERUU bgt mana bajunya warna nya lucuu ijooo favo aku https://t.co/Vz0RcQ6gpQ https://t.co/FI14bfdnI0",netral
@iqhakim Gara gara sekolah udah offline ini mulai lagi hadeuuh,negatif
"@iqhakim Sekolah online gabut, offline tawur.. Gimana dah",netral
"aneh bgt dah, lu kalo demen sekolah online yauda lu gak bs maksa buat trs online. so does yg suka offline. lu gak bisa maksain pendapat lu sambil ngatain orang lain egois ğŸ˜… (gw pribadi suka online ya, ngga capek dijalan dan ditengah istirahat bisa nyambi olahraga)",negatif
@caratstalk tergantung keadaan kamu gimana kalo masih sekolah/kuliah yang udah offline mending day 1 nder,netral
"nyulut emosi bettt ni bocah congornya dah dikasi tau pulang pergi sekolah naik angkot aja karna ya gua kuliah tar offline mana mungkin nganterin mulu malah nyolot jawab ""lu dulu emang naik angkot?"" LAHH YA LU TAU DIRI LAH LIAT KONDISIII",netral
"@di_coba_dulu @iqhakim @txtdrjkt dapet darimana dah itu serem bener, lagian ya baru pada sekolah offline lagi dah begitu aja kelakuannya, kirain abis pandemi gada lagi tawuran",negatif
"@ProfesorZubairi Stop bahas ini prof..kita semua sudah hidup normal sekarang,banyak yg lagi berusaha bangkit dr keterpurukan ekonomi
Anak2 yg lagi sekolah lagi berusaha menyesuaikan lagi dgn sekolah offline
Hub sosial sedang pulih2nya..
Awas aja klo gara2 pengaruh anda kita terpaksa mundur lagi",negatif
"@iqhakim @txtdrjkt Inilah alasan mereka meminta sekolah dikembalikan ke cara offline, teman-teman.",negatif
"Hallo fans #ESETIndonesia,
Buat kamu yg sudah kembali sekolah offline, ini ada promo ESET HARDIKNAS DISKON 50%

Belinya mudah, cukup scan QR code di image promo atau kunjungi https://t.co/zWUP4V63Rl 

#esetinternetsecurity #promojuni #esetindonesia #hardiknas https://t.co/Bor3FzRQY3",netral
"@mouldie_sep hish, sekolah online kurang nangkep, sekolah offline kurang sikap",netral
@iqhakim @txtdrjkt sekolah offline bego sekolah online makin bego ğŸ˜†,negatif
barusan lewat sekolah sekolah kok udah pada rame siiih ini bnrn udah mulai offline semua ya gw shock,positif
"makasih bgt buat temenÂ² sekolah gue disini, kita udh 3 tahun barengan, walaupun most of the 2/3 years itu kita belajar online, masih bisa ttp seru. lbh berterimakasih lagi buat kelas 7C sm kelas 9B, krn emg cmn pas di kls itu gue offline",netral
"@schfess kerudung kudu ada logo, berhubung tbtb offline trs kerudung sekolah gaje semua. ya ak beli kerudung baru belum dibordir kena tegur 2 kali skrng merasa syng karna udh mau lulus",netral
"@sbmptnfess Hari ituu dah sekolah offline kann, seharian tu kek apa yaa suasananya beda aja dari bisanya. Dari temenâ€ deketku aku berduaa sm temenku nih yg eligible. Kalo ditanya soal snm aduh pokonya udh males n pesimis bgt deh pasti langsung alihin pembicaraan wkwk untung pada ngerti(cont)",negatif
