username,tweet_clean_alay
taphodit,astaga baru ingat sekarang sekolah offline
L94KJISS,yang sudah sekolah offline lama lama bosan tidak sih sekolah offline kok gue bosan
jjnanney,wah sudah sekolah offline semangat jojooo
Vinaa32383695,unty hai juga yuk yang sekolah offline kayak aku semangat belajar di sekolah nya jangan memikirkan dia dia saja tidak memikirkan kamu
schfess,sch hai gais hari ini sender ptm untuk yang pertama kali di sekolah baru alias baru saja masuk sama agak takut tapi tetap percaya diri semangat buat yang lagi offline atau online
taqwantaridina_,adik semua sudah mulai sekolah offline ini kakak pertama masih bertahan di meja belajar sendiri sambil menyuapi kucing
bngnytn,sekolah offlineonline
dejavu_amor,sekolah lagi mana sudah offline papay guyss
mutiiazhj_,pagi hari ini sekolah offlineonline
schfess,sch wtp sender sudah sekolah offline ini tetap semangat ya buat yang online juga offline
fun_girlzzz,yang mau offline sekolah satu orang hebohnya serumah padahal sekolahnya dekat
kaisccha,tidak gue sekolah offline bawaannya malas tapi waka mentwit sih jadi i think im oke
PRKCHNYLOVE,tidak sekolah kamu masih offline
snikthbinn,sudah tau hari ini sekolah offline tapi tidur jam
whattodowlife,adik aku hari ini sekolah offline jadi sarapannyaa sudah siap jam seginiii
lowviesjuyeon,pagi moots cung yang sekarang sekolah offline
seamericano,kalian sekolah offline
chawtezen,sekolah nya daring offline nin
chawtezen,wahhhh sekolah nya offline apa daring ai
had3uh,serumah baru ingat kalau adik hari ini jadwalnya sekolah offline wkwk
pvriod,gue kira sekolah offline
ciciyoonmin,sebal banget dahhh pagi mau sekolah offline eh malah hujan malah naik motor oi masuk angin rasa nya
jmlokal,sekarang padahal sekolah offline tapi gue belum tidur sama sekali
nadaabcde,pagii moots mau tanya dong sekolah kalian masih online atau sudah offline ini kalau aku sendiri sudah offline
wtanable,hsjahskah sekolah offline kerasa lama banget selesainyaa stres gue
lovjohnnysuh,hi bestie gue sekolah offline
skycynza,ini gue bolos sekolah offline bisa tidak ya njg
enjihgives,kalian hari ini sekolah offline atau online
arzakibii,ptm sih cuma kadang malas bangun pagipagi karena kebiasaan daring masuk jam pas offline jadi set harus berangkat ke sekolah rasanya badan itu ingin menempel di kasur terus
chnasbOo,sekolah offline
pluviophileky,sekolah senengnya online gue lebih menangkap serius kerja serunya offline
aaattomo,bukan lowongan kerja tapi kolong meja dulu kalau offline isi semua buku pinjeman perpus jadi sekolah cuma bawa buku catatan
jungjjeffrey_,sama anjing besok sekolah offline lagi aduh
onlyoneclara,kangen sekolah offline tidak
seoulkjinie,langit bisa kah engkau turunkan hujan dengan petir besok saya malas sekolah offline
schfess,schapp sch aku besok sekolah offline tapi takut soalnya tidak ada teman teman kelas pada nge circle semua
eganovriyela,cantik kali pundipundi uangku sok terima kasih banyak karena pandemi gue jadi ngoleksi skinker andaikan gue sampai lulus sekolah offline nih muka bakal hideung dekil gakaruan pasti uangku yang berpindah haluan dari nasi warung tegal ke skinker aga menyesal dulu gue duit utuh gadubeli apa
kiothesims,belum sekolah sudah ingin pulang alias gapengen sekolah offline
Zizizeeeee,sepengetahuan aku tidak harus lomba offline dan antar sekolah sih soalnya lomba online begini juga serti nya diibaratkan kayak lomba pada umumnya yang offline apalagi ini tingkat nasional soalnya diadain universitas untuk satu indonesia jadi seharusnya bisa dipakai sih correct me if i am wrong ya
lovcstay,besok pagi masuk sekolah offline tetapi sekaranh belum tidur kenapa ya
dyisrha,sekolah offline
vnsachrst,tapi besok yang sekolah offline giliran yang genapppp
brxchiosaurs,iyaah aman kalau begitu xd wkwk hayo aku kebiasaan sih tak tau kenapa memang sudah sejak sampai kebiasa bangun jam begitu kalau sekolahkuliah offline
kookooove,mau menangis enggak sih kayak dulu pas masih normal sama offline sekolah setiap bangtan comeback selalu ikut po album terus fullpay mungkin gara gara sibuk rl tidak kerasa banget tiba tiba sudah rilis terus pada sudah arrived ina benar benar se santai itu dulu tetapi sekarang kayak apa apa jadi lama banget
rschrijven,sok tomorrow finally offline school i do not know apa to react karena pengumumannya itu dua hari yang lalu dua days ago dan gue harus mencari segala peralatan sekolah yang gaktau di mana keberadaannya karena sudah tahun tidak sekolah
O619hnjm,semenjak sekolah offline tambah stres
jimineyy95,tiba tiba pikir kayak begini sering banget dibilang handphone teross nih ya padahal aku pegang handphone terus kan juga buat sekolah ya kayak iya dulu sekolahnya offline jadi pagi sampai sore diam disekolah enggak pegang handphone nah malemnya baru itu kelihatan pegang handphone tapi kalau sekarang
staysrachaa,sekolah offline yang bikin aku tidak bisa tidur
ceikocei,besok aku sekolah offline
rainyxiann,aku hari ini sekolah offline full satu kelas buat aku yang di rumah tidak punya teman hari ini itu senang banget having fun dengan sama bestie avv
Duckarinn,tidak siap sekolah offline eh tapi kayaknya gue doang
kimthadess,orangorang membenci sekolah offline hanya karena keluhan pribadi mereka tapi apa mereka tidak memikirkan apa yang terjadi di masa yang akan datang ingin tidak normal terus
kimthadess,jangan begitu mending dibiasakan memang kamu mau sekolah online terus bisa saja kamu kayak berdoa semoga p word ini diperpanjang lagi mau sampai kapan ayo kalau tidak mau sekolah offline silakan masih ada yang namanya home schooling
haloiniaku09,baru hari sekolah offline tak tau kenapa tetapi jadi kayak mentally unstable
ashratii,adik gue datang datang mencari tas sekolah soalnya besok offline
yulsisble,sudah masuk lihat kknya sudah sekolah tk dia mau ikutan jadi ku memasukkan pendidikan anak usia dini saja offline bunda
nyakawr,besok sekolah offline sama dulu tugas video masak
gochujangsss,efek mengantuk ayo kawan jangan tidur malam malam gutnait aku mau tidur besok sekolah offline gue vi
niyeelll,kak kok kamu jadi kayak abang tapi kalau kamu online abang offline sudah kayak sekolah iya
itsnottaura,gek saja sudah bisa beradaptasi sekolah online malah sudah mulai offline aduh
selirrpejabat,gue sekolah offline padahal di kelas ramai banget biasanya gue nimbrung mengobrol sama yang lain tapi ini tidak kenapa ya diam malu tidak seheboh dulu pas kelas
peachyyluvinaja,tugas gue di tetap saja banyak walau sudah sekolah offline heran deh
bxfvj,malas banget besok sekolah offline
whtyoufeel,benar sekaliii sudah semangat kembali menjalani sekolah offline ternyata capainya malah menambah x lipat sedih banget apa mungkin memang belum terbiasa saja kali ya wkwk tapi offline bikin lebih paham materi sih
steerzaaf2,aduh ternyata lebih enakan sekolah online ya kalau offline itu ky apa ya malas banget harus mandi pagi sarapan terus juga tidak bisa sambil tiduran haha
skrimwerescream,stase anak obgyn ipd sudah mulai jaga sampai pagi yuk bisa yuk corona ilaaangg aktivitas kuliah sekolah bisa kembali normal juga hari ini vaksinasi anak sama percobaan mau kelas offline semua siswanya iya kak sekolah online adalah bego
amaruvos,sejujurnya lebih suka online tak tau kenapa lebih masuk materinya di aku tapi kalau suasana sekolah lebih suka offline
twelvfour,semenjak sekolah offline tidur awal terus bukan memang harus bangun pagi sih tapi lebih ke cape banget
bucin_ty,tidak usah lah buat apa aku juga kok tidak buat menurut aku tidak guna juga soalnya setahun doang kan offline nya dan aku memang tidak dekat dekat amat and lumayan di aku an sayang duid anjirun biaya sekolah saja sudah mahal gue tidak mau menambahkan beban
doyoungta,gue takut kalau besok dia pas masuk sekolah matanya bengkak anjir mana sekolah offline lagi masa nanti ditanya sama guru kamu kenapa itu matanya habis nangisin cowok au bu kan binggung nanti gurunya
park_chelsean,please tidak bisa tidur besok pertama kali sekolah offline setelah beberapa abad
edferniee,cape ya ternyata sekolah offline
blackoolyxx,ya allah besok ulangan bio offline online sih tapi kita itu offline mengerti tidak kita ke sekolah ulangan tapi tetap pakai handphone terus nanti nasib ku gimaneee manalagi belajar terus sih bolsi mengirim video jeongwoo jihoon kan saya jadi tidak jadi belajarr
hobi_ngebadut,enak asli dulu sering beli jualan nya keliling begitu sekarang sudah jarang lewat kadang dulu kalau sekolah offline harus pas pulang beli itu
ailupyusomuch,wah sekolah offline tidak cocok untuk manusia pelupa seperti saya untungnya tadi teman mengingatkan kalau ada pekerjaan rumah kalau tidak mampoes aku
jjungeunbie,jangan dong kita kan belum sekolah offline nanti km tidak punya teman deobi lagi dikelas bagaimana
outofhere23,jadi ingat pas masih offline dulu sering pakai tab sekolah terus tidak bisa dipakai buat buka youtube dan hal rekreasi lainnya
stvdyca,study progress tua oct hai hai maaf ya aku jadi jarang banget up progress karena sudah mulai offline dan jadwal makin padat tidak sempat buka twitter tadi di sekolah ulhar bio sksk by the way chemistry and math for my tuesday rest well guys
sikumannakal,dengar gedung kosong itu dulunya sekolah offline ya pak persiapan basa basi sama bapak tahun
difaarahmania,dia menyuruh buat baru lagi tadi jam set malam dan disuruh selesai besok padahal besok masuk sekolah offline
seakycleora,lal sudah sekolah offline belum
jennstudies,janlup istirahat yin aku sekolah nya campur kadang offlineonline anw goodnite
xxrluluu,besok saya masuk sekolah offline saya malas sebenarnya
467naa,by the way gais tadi kita sekolah offline lah iya
mrkdyz,menyesal gue masuk sekolah offline digibahin guru di kantor
yshirona,besok sekolah offline lagi apa apa apa
haoxuo,kenapa sih setiap gue kebagian sekolah offline pasti ulangan
nasigorengcityx,hiiii kak chitaaaaa bagaimana hari ini kalau aku hari ini cape banget karena sekolah offline huhu
1311jpg,jangan bertanya au feeling blue bagaimana gue gatauu ingin lanjutkan apa lagi kena writers blok sama lagi cari kejadian pas sekolah offline biar agak nyata begitu au nya
wortelstruggle,haloo junnie di sini junnie mau bilang mulai besok sampai minggu depan junnie bakal pas offline di sekolah tidaaaa jadi kemungkinan junnie bakal off sampai junnie selesai pas maaf ya caratdeul semuaa oh iya buat yang mau pas atau lagi pas junnie doakan c
brthdygirlz,sekolah offline tadi jadi merasa cape saja iya
skycynza,besok tidak sekolah offline
HIR0MACH1,kurang tau kalau study tour itu diadakan kapan soalnya aku sekolah offline cuma pas kelas kelas nya daring sampai kelas aku mulai sudah ptm
the9001s,apa ya dia bertanya kelas berapa sekolah offline atau online sukanya sekolah offline atau online
kelabangkayang,offline kenapa cape banget ya apa karena gue sudah tidak sekolah lama ya jadi badan nya makin jompo terus kagok
nggonyambat,kalau di sa punya daerah sempat online semester saja jadi dari bulan maret sampai agustus terus kita offline lagi dulu pas online ya cuma dari web sekolahwa dikasih file materi saja kadang juga mengerjakan soal terus kirim wa kita tidak pakai zoomgmeetgcrdsb
itsmecamq,ihhb ya sudah kalau begitu jangan sekolah offline nanti rena sakit daring saja terus tidak apa apa asal rena enggak sakit
itsmecamq,ren tukaran yuk aku juga ingin sekolah online tapi malah harus sekolah offline
2kimcityx,demi apapun ingin sekolah offline
mintsy_,sekolah offline sesi siang kali ini kok bikin cape banget ya malah sampai pusing sekarang
spawstoon,sekolah online orang offline
lilfoxynana,alasan utama gue ingin sekolah offline biar tidak disuruhsuruh paling benci anak cowok diperlakukan kayak raja sedangkan anak cewek like a babu
sweetyhamm,sudah mulai sekolah offline juga jadi akksjksjsks sibuk banget
ikvyya,walah sekolah offline ya
corrasm,aku kalau sekolah offline bisa lah otaknya jalan
jnbbyy,saya makan apa ya dulu pas sekolah offline kok bisa menulis pakai aksara sunda
myloveliest,sejujurnya sekolah offline seru saja wlupun agak canggung karena sudah lama tidak ketemu tetapi seengganya gue keluar rumah begitu lah
bluearesea,tidak mau sekolah offline bisa enggak sih sekolah nya bisa memilih begitu kayak kalau mau off ya off kalau mau on ya on
Voussmevooyez,aaaaa lari besok sekolah offline
Voussmevooyez,besok sekolah offline
lvvy_matcha,kadang ingin saja begitu sekolah offline biar tidak di rumah terus kesepian tapi juga pikir kalau offline pasti ongkos ojeknya pula
MashiMoon_,buat ya buka yttiktokigtwitternonton filmmain game kalau sekolah sudah offline jadi tidak banyak pakai kouta
duckownie,kalau sekolah offline pilih jam kosong
jaeyungg_,tahun adalah tahun yang aku rindukan dan juga aku lupakan dimana mungkin di tahun itu adalah terakhir nya masuk sekolah offline juga seru seruan dan di tahun itu juga papa dan bibi ku meninggal karena penyakit jantung
keyvstyles,jadi mau sekolah offline
Firsyhaloushia,selalu bawa kecuali pas sekolah offline sekarang soalnya dilarang bawa bekal
0044HRJ,pernah berbicara ke mama pas awal awal sekolah offline jadi setiap pulang sekolah mama selalu bertanya tadi sama siapa di sekolah sudah ada teman dan aku selalu jawab tidak ada tidak punya teman hehe mama menyuruh pindah ke sesi pagi tetapi aku bilangny entaran dulu lihat minggu lagi begitu
beemarkkeu,asyik tidak sekarang sekolah offline nya
hilucassss,lebih suka sekolah offline apa online
sweetasahii,banget pas memikirkan sekolah offline degan mulu
milkt3a__,unty lagi istirahat nih ji cape habis sekolah offline
J_dlsktm,bentar lagi sekolah offline musowoooowoowowwo
flackozhs,oh my god rabu depan gue sekolah offline
jeffcrepuscule,akhirnya besok gue bisa sekolah offline weh private class pula
rapIoey,lah anjrit mampus besok sekolah offline tapi ini kaos kaki putih sudah tidak tau hilang kemana
ciyaely,biasanya kali tapi ini sekolah offline jadi kali
chsimheree,sekolah sudah offline belum
imtotallyyourss,anjir aku gah sekolah offline sesak ramangkat ah
muhammadfaiqqq,anjing lah sekolah offline gurunya makin ngelunjak kalau kasih tugas
FOODFESS2,fess senang banget sekolah sudah pada offline lagi jadi bisa jajan di sekolah dasar
skycynza,tidak mau sekolah offline
schfess,schapp aku siswa kelas dan sekarang sudah sekolah offline setiap pulang sekolah pasti mengantuk ingin banget tidur padahal harusnya belajar untuk utbk kasih tips dong cara kalian bisa melawan rasa kantuk terus fokus belajar for your information aku orangnya tidak bisa belajar malam tidak fokus
jeonlvo,habis dari sekolah bersih bersih lagi kelas dan mungkin setelah ini per awalan bulan november sudah offline dan bakalll sibukkkk
neoxnora,sekolah offline terus
hanwebzite,kalau lagi sekolah onlineoffline sih jam lewat begitu terus kalau akhir pekan adalah jam an
ardfrka,lebih suka sekolah offline apa online
aimyourminess,anak twitter yang baru masuk sekolah offline pas mau pinjam penghapus ke temannya mjb nderkamu punya penghapus tidak tidak ada teman satunya nyaut mmf ikutan nimbrung nih aku ada
schfess,sch sekolah kalian sudah seleksi ke sana belum yang mau ikut seleksi geografi kalian belajar nya dari mana ya apakah bimbel offline
Jdwin1485,mau ini boleh tidak sih buat sekolah offline
schfess,sch bagaimana nih yang sudah sekolah offline coba review dong kalau sender masih belumjarang interaksi sama teman pada diam semua karena enggak ada waktu istirahat juga buat mata pelajaran jadi lebih paham dan gurunya okee sih seru walaupun pulang pulang kerasa capekk
shewantsmark,tetapi serius lah bingung banget sama teman kelas yang senang daring kamu bayangkan enggak sih kalau offline itu cuma sekolah jam guru jarang kasih pekerjaan rumah materi mudah dimengerti lah daring tugas mengejar deadline materi tidak mengerti encok begadang aduh
vantengguk,sekolah offline yang awal nya seru makin lama makin banyak tugas
peachybootae,tolong sekolah offline mau pergi dudnhzjs aefer my love
mievasellyn,ck besok sekolah offline
convomf,mending masuk ptmt atau tidak situasi kondisi saat ini aku sudah kurang lebih memahami materi sekolah jadi sebenarnya tidak perlu sekolah offline lagi sudah berani bertanya pertanyaan juga jadi sudah tidak sungkan lagi
pxrnama,memang sepi moguuuu sudah pada balik offline sekolah kerja juga
gunnapstn,kalian sudah pada sekolah offline
nanda_z23,iya padahal semangatin saja sudah cukup orang kan beda ya kesibukannya apalagi ini anak sekolah sudah offline ada juga yang sudah ujian tengah semester
lattemcchiato,jay tuspi scylla gemas banget banget banget pulang sekolah offline paket trade datang rasanya itu ksjshshjsgsgs
sevimaulidah1,foto terakhir yang bikin orang stres tadi habis sekolah offline bissmilah ya allah sebelumnya terima kasih kak sudah bikin tidak ini sukses selalu
indxlDKS,sekilas info mulai senin depan gue sekolah offline
nctbujank,aku baru selesai daring habis siapkan buat besok sekolah offline juga
Khayra14994193,iya masih ada bau bau online banyak tugas yang makin aneh mana nanti kalau benar sudah full offline sekolah sampai soreeeee
ridonesoedaryat,internet offline sebagai solusi pembelajaran jarak jauh di sekolah
candypiece2,akhirnya masuk sama punya teman baru punya kegiatan baru kebiasaan baru ah jadi kangen sekolah offline normal kan gue alah
convomfs,ingin cepat cepat sekolah offline jujur sekolah jadi satu satunya tempat kabur kalau lagi suntuk di rumah
ARXRENE97,sekolah offline membuat aku cape tapi kalau tidak offline jadi tambah bego tiada tara
ARXRENE97,sekolah offline membuatku cape terus tetapi kalau tidak offline jadi tambah bego
ica_fs,sekolah offline itu seseru itu walaupun cape
skrupsius,yang vaksin mahasiswa yang sekolah offline anak sekolah dasar komedi benar
geovlogi,mau sekolah offline plissss huee
Hajaekyuu,semenjak covid gue jadi kenal korea pop dan tidak ada overthinkingan paling ada sedikit sama idol kalau jarang pembaruan begitu doang dan gue juga pindah sekolah pas covid jadi teman baru belum ada yang tau muka gue tetapi semenjak gue sekolah offline ada beberapa teman cowok yang ya begitu
byhrsjwwin,jujur benar terus juga gue kalau sekolah offline no prob tidak makan sampai rumah tapi kenapa sekolah online gue lapar mulu sksksk
taepictv,bayangkan anjir gue dari tadi pagi kebelet berak mana sekolah offline
dellaabirawa_,saking dekatnya sampai dengan rumah belnya biasa kedengaran apalagi waktu itu masih sekolah offline sekarang belnya kedengaran lagi senangnyaa segalanya pergi normal
rewnsjuniee,haloo maaf ya sekarang jarang jbjb sudah mulai sekolah offline huhu jadi baru bisa jbjb moots pulang sekolah
rewnsjuniee,rhmsoo haloo maaf ya sekarang jarang jbjb sudah mulai sekolah offline huhu jadi baru bisa jbjb moots pulang sekolah
rewnsjuniee,haloo maaf ya sekarang jarang jbjb sudah mulai sekolah offline huhu jadi baru bisa jbjb moots pulang sekolah
rewnsjuniee,haloo maaf ya sekarang jarang jbjb sudah mulai sekolah offline huhu jadi baru bisa jbjb moots pulang sekolah
rewnsjuniee,haloo maaf ya sekarang jarang jbjb sudah mulai sekolah offline huhu jadi baru bisa jbjb moots pulang sekolah
rewnsjuniee,haloo maaf ya sekarang jarang jbjb sudah mulai sekolah offline huhu jadi baru bisa jbjb moots pulang sekolah
renxnoir,kalian kalau sekolah offline bawa uang jajan berapa
Donghyuckq,masih sekolah offline
hyunyeongie,ingin banget buat beli laptop min sudah dari lama tapi belum kebeli butuh juga karena adikku akhirnya mulai sekolah offline butuh laptop karena jurusannya bismillah
jualannyabibi,hai kalian lagi sekolah offline apa online
woodybudduies,happy me ngantarin gempur sekolah offline
ay_riil,ini acc masih aktif ya jangan di unfollow cuma aku jarang on karena aku sudah sekolah offline
wanderluct,kamu kalau zoom class matikan kamera ya masuk sekolah offline langsung begini bentukannya
NISHlMURARIKI,ayo mutualan priv kakak kalau bolehh aktif tidak aktif sih di sini xnxknsks semenjak sudah sekolah offline agak jarang buka akun ini huee
pshkidd0s,sp yang udahhh sekolah offline cung
Bubujeduar,cape sama tugas sekolah online tetapi kalau disuruh offline takut ketemu orang baru
Apriyani96,mabal online soalnya setahuku ptm sekolah offline to
heyhiira,sudah sekolah offline
softkornn,sudah sekolah offline kau
kynghocityx,semoga sudah bisa sekolah offline kayak biasa ya cape banget begini terus
PutuMita15,unty lagi sekolah offline nih kak
ArdanNews,kunci jawaban buku tematik tema kelas sekolah dasar kewajiban dan hakku di rumah halaman dan meski sudah banyak sekolah yang memulai sekolah offline namun sebagian besar proses belajar dari rumah masih dilakukan
akuantariksa,jujur anjir gue tidak menyangka bisa lancar berbicara di depan kelas sudah tahun tidak sekolah offline begitu kan padahal tapi tiba tiba berani
Shafira19232949,unty lagi mau sekolah offline
lov1nidle,hai tabi sudah pulangg sekolah offline kamu offline atau online
OmarAlbany,lulujkt demi kamu aku sr sambil sekolah mana sekolah offline
ginxxaax,mjb pelajaran tatap muka sekolah offline
hyunsuksflickv,halo guys selamat siangpada sekolah offline atau daring nih
itsmecamq,lah masih daring aku kira sudah sekolah offline
jeonhongie,svt konser online apa offline kaget banget baru pulang sekolah
jaceminlatte,yang sekolah offline biasanta pulang jam berapaa
donttalkkk,tidak apa apa kali sayang kamu bisa sekolah offline saja sudah sukur kangen tau daripada online di rumah sampai lulus
drizzlebeez,gue sudah sekolah offline
dolaxyx,unty nugas niiak lagi sekolah offline
eunoiarainnn,unty lagi sekolah offline ji mengantuk bangun tidur
seesawpie,gasabar merasakan momen pulang sekolah pas sekolah offline
seaggulkim,tidak suka sekolah offline tapi cape sekolah online
RachelRhabani,giliran sekolah nya offline malah tidak dibolehin sekolah hadu
belongstolia,aaaa aku tidak siap buat sekolah offline back normal
caramellmw,kalian hari ini sekolah nya offlineonline
yutyutacho,seru xixi sekolah nya offline atau online ini jangan lupa makan ya hv a nice day
schfess,pagii semua untuk yang sekolah offline semangat semuanya sch
jayparkchingu,banyak yang sudah offline ya sekolahkuliahnya
yuddingt,baru saja tadi bilang kangen sekolah offline wkwk
kthunvx,kakak mi sudah luluss sekolah atau belum offline
juneehui,aaa kok tidak ada yang bilang aku hpbd lagi sekolah offline
blowoutbeats,besok sekolah offline malam ini gue sibuk mengerjakan semua tugas
kzhvcxx,sekolah offline bikin sebal
ssweetbbyz,mau izin rest deh ku mulai aktif sekolah offline yang daring pun penuh tugas
ttikaaaa_,unty hai aji lagi apa nih aku lagi sekolah offline
xcottonbabea,streamingnya lihat waktu juga dimana waktu kalian luang soalnya sekarang sudah banyak yang sekolah offline lo ada yang kuliah juga apalagi ini weekday kan ya tetapi kalau kalian senggang yuk streaming
Laviendya,pagi lagi sekolah offline ya bestie
martabakjensoo,sekolah offline anjir aku hari ini
moonismaples,semangat na sekolah offline sih seru yang tidak seru itu nanti gue ujian offline
pbysalsabila,unty pagi ajii absen sekolah offline dulu
moonismaples,iya offline school is keren but not dengan ujian offline di sekolah
BigWinSepcitcyx,hai makjii dari aku yang sekolah offline hjhi
terjehajeha,karena sticker keluarnya hari jumat orang sudah punya banyak waktu luang besoknya juga akhir pekan kalau favorite ini karena keluarnya hari senin sudah pada banyak yang sekolah kuliah kerja offline make sense juga sih tidak secepet sticker
15november2002,kalian yang sekolah offline apa online
lucopan,lah kamu yang kenapa gue kan cuma bilang kalau sudah pada sekolah offline sih sender kalimat pertama saja sama sudah cukup sudah puas no besar no harus mengerti keadaan juga dong di korea juga lagi pada ujian di indonesia pada sekolah offline jadi tidak bisa rajin streaming kayak sebelumnya
Hellawwgaisss,senin deoann sudah sekolah offline yeyyy
adultbitch3s,kenapa sekolah offline tugasnya banyak banget
penyediajasa,adikku lagi sekolah offline nih
hwangmetii,kerja offline tapi lebih suka sekolah tolong wwkwk
fltrbunnyksjeon,sekolah offline ya
Winzipy,rilisnya hari senin dan akhir bulan masa masanya orang kerja sama sekolah dan kampus sekarang sudah offline juga
rAmaxdy,sekolah offline prnya makin banyak anjing
caaleehc,semangat sekolah offline nya melll mata pelajaran apa itu yang free
acexillin,gue lagi sekolah offline anjing masa iya gue teriak kayak orang gila di kelas dasar dejunnn
CeweBaik_,sinii nanti jam aku sekolah offline
qnjmeen,aaaa gue ada sekolah offline pelajarannya mtkkk mana gurunya galak lagi
salvareth,coba berangkat deh nder buat latihan kalau sudah sekolah offline nanti kan berangkat tiap hari
satalune,ya kalau sudah tau dari awal sekolahnya jauh kenapa pilih di situ kan sudah seharusnya take responsibilities sebagai seorang siswa kalau dari awal offline juga kamu bakal ke sekolah tiap hari
T4EOXO,sekolah offlineonline
schfess,schapp yang sekolah offline semangat ya trivia katak padang pasir hanya keluar selama satu bulan di bulan juli dan tidur selama bulan sisanya
chimoochim,hai hari ini yang sekolah sekolah nya offline apa online nih
eajjeaa,pagi moots yang sekolah offline semangat ya
sshxkthinker,tidak pernah tidur nyenyak selama bulan oktober sekolah masih online tapi minggu sekali offline okk kamu too have a nice day too
taeeraly,kalian sekolah nya offlineonline me offline
jeacminie,hi aku hari ini sekolah offline kalian offlineonline
nctzenbase,neozen maaf tidak bermaksud menyinggung siapapun kalau kalian mau mengingatkan streaming tidak papa banget tapi harus baik juga jangan memaksa apalagi dengan kata yang kurang baik ingat sebagian drikita ada yang masih sekolahkerja dan banyak yang mulai offline streaming sesempatnya saja cont
nepsenus,sekolah offline atau online nih
jaehyunensiti,pagii moots pada sekolah online atau offline
floersall,kita satu kaum akhirnya ada orang yang tidak suka kembali sekolah offline
mxanindra,akhirnya yang lain merasakan capainya sekolah offline
luseofer,dulu pas jaman masih sekolah offline pasti saja begini yang kalah gantian ya pakai lagu yang susah kayak yang dapat bintang di level hard nanti aku traktir seblak sudah lagu aju nice woiii aaaa apaan hdusishdoshwiwjwbs kalau kalah
rjhychna_,sekolah offline
renxnoir,mlyt offline ini lagi di sekolah
minhimine,suka sekolahkerja onlineoffline
potatobee__,ini adekadek gue sekolah dapat uang jajan gue di rumah doang tidak dapat uang jajan huaaa kapan kuliah offline
evoctvesungchan,ingin sekolah offline tetapi tidak mau belajar
aunoe_,sudah effort banget nih sekolah offline biar pelajaran malah jam kosong
ijattv,waktu bisa lebih maksimal belajarnya mana tidak boleh bawa bekal makanan sedangkan sekolah jam sudah bel masuk bingung tidak kamu sepagian tidak makan loyo apalagi iya oh iya offline kan setengah doang sisanya tetap di rumah itu belajarnya makin tidak maksimal yang di rumah kadang
ijattv,gue tim kontra offline sih semenjak bapak gue meninggal kan mama gue harus kerja jadi tidak ada yang bisa anter jemput gue ke sekolah sedangkan ongkos ke sekolah itu k k pulang balik k uang jajan gue saja k doang sekarang malah bingung uang jajan tidak ada yang memberi
ulricaphy,iya padahal ini pas chorusnya easy listening bikin menagih aku saja mengajak streaming ke teman yang non kpopers katanya lagunya enak apa mungkin karena rilisnya di hari weekday ya terus sudah mulai sekolah offline juga jadi pada tidak banyak waktu luang buat streaming
raapriki,yeay bagus sudah kebetulan sekolah offline saja ini by the way have a great day kak tii semangat ya buat hari ini
schfess,sch bagaimana cara menolak orang kelas meminta contek tugas pas sekolah offline aduh kan enggak mungkin bilang belum nantikn ketahuan
sukacowogepeng,semoga sekolah offline gue lancar
sukacowogepeng,sekolah offline
cukieeest,sekolah offline
koominiey,amethyst imel sudah mulai sekolah offline kak astaga kiraan imel itu
jakekthgf,inginnya sih begitu tetapi gue sekolah offline
derapiIu,ya allah saya bosan sekolah offline terus
hnxxlee,tidak mau sekolah offline
Opura_,pagi lang hari ini kesibukannya apa sekolah kuliah online offline
Opura_,pagi kesibukannya apa hari ini kuliah sekolah offline online
lucopan,ingat sudah banyak yang sekolah offline
loafsyya,sekolah offline is sucks
chiengra,adikku sudah mulai masuk sekolah offline
yeowrinn,mengantuk banget sekolah offline pagi tadi malam baru selese nugas jam
2ier4,sekolah offline itu enak kalau punya teman
ketoprags,dulu kok gue bisa ya survive sekolah offline selama seminggu terus sampai sore lagi awokawok sekarang kayak seminggu kali saja rasanya cape banget sudah
pacarkyle,sudah sekolah offline tapi hari ini jadwal online
cutiexunqi,sekolah offline tiap hari rasanya cape banget
hppyjinn_,adakah yang sekolah offline hari ini
jisungbigwin,tentu saja saya sekolah offline lagi
SKR_AJG,akhirnya sekolah offline
bertanyarl,tanyarl balik ke kos sekarang yaynay belum sekolah offline sih
VBonika,asheljkt udahhmau sekolah offline kakak wkwkhave a nice day
gewdung,sekolah gue kenapa tidak ada yang kena ya keren juga offline agaknya lumayan menyiksa anjir
hennderyyyy,sekolah offline
itsmezezee,sekolah offline gaenk kalau di sesi tidak adil sama yang online soalny nanti takutnya kalau materine enggak diulang lagi waktu ganti sesi tetapi malah lanjut materi
chan66_,harusnya sih lagi offline tapi di sekolah ku lagi ada acara jadi hari ini online
strawtaeberi,walah kamu sekolah offline semangat
fairrysnow,sekolah offline
subschfess,sch struggle ulangan pakai kertas lembaran pas sekolah offline
YujinIsBae,aduh sudah sekolah offline saja
skinatvelvet,pagi ijaaa semangat kamu juga sekolah offline apa masih online saja
seungminieys,tidak kadang habis subuh tidur lagi soalnya papah kerja biasanya mulai jam an apa lagi pas aku sekolah offline ydh deh tidak ada yang jam sudah bangun
gueygpertama,tidak lagi gue mandi jam sgitu kalau tidak sekolah offline dingin njrr
rikimiato,pagii semuaa have a nice day semangat buat yang sekolah offline
sukacowogepeng,aduh hari ini sekolah offline
cloudlyneos,kalau kamu sudah sekolah offline jualan rotidonat saja pagi temanku dulu jualan itu laku sih soalnya pada beli buat sarapan biasanya
hyubeary,morninggg sekolah offline nih
ephouriae,eh nderr tetapi ini buat sekolah offline doang ya
subak_buah,inginnya begitu tapi aku sekolah offline v
FIatterer,bagaimana biar gue ada semangat sekolah offline
shenfizzle,wih kecee hari ini sekolah nya online apa offline
babyappleho,enak kok offline cuma karena sudah terlalu lama online capainya offline jadi kerasa banget cape fisik ya bukan pikiran kayak bolakbalik nya belum lagi pagipagi sudah harus siap ke sekolah itu kerasa banget menguras tenaga
iHugSehun,lemas banget tidak ada suasana hati buat ngapangapain tidak mau sekolah offline juga nanti pagi buat apa begitu
iHugSehun,dari awal juga tidak pernah ingin offline class makanya suka merasa aneh kalau ada yang ngebet banget ingin sekolah offline
schfess,sch no salty ya awalnya aku senang sekolah offline senang banget tapi ternyata disekolahan juga cuma dikasih tugas saja tidak dijelasin materi memperdalam materi dan selalu bilang nanti materinya dibaca sendiri ya
iHugSehun,langit bisakah kamu turunkan meteor ke sekolahku aku tidak ingin sekolah offline
tatalolosits,progress today aku habis sekolah offline mat peminatan dan mat wajib lanjut sekolah daring sampai jam dua siang tobk gratis dari salah satu bimbel dekat sekolah disambung les dan belajar uh fisika buat besok kinda tired but ini oke
svngjkcoty,malas besok sekolah offline
mrkdyz,besok sekolah offline tetapi gue belum mengantuk help mana pagi sekolahnya
lioninsideme,bedanya yang bikin lebih berat saat ini siswanya jadi harus belajar dewe kalau dari segi tugas gue lihat lihat tidak ada bedanya sama gue sekolah offline dulu adik gue saja sampai mendeklarasikan gue tidak akan mau masuk sekolah sama di sekolah kamu
lioninsideme,ya silakan hujat tapi benaran gue merasa begitu i mean dulu gue sekolah pas offline saja tekanannya sebesar itu
iaiyaka,dibebanin ke pekerjaan rumah apaapa pekerjaan rumah pekerjaan rumah pekerjaan rumah dan deadlinenya itu tidak seminggu kayak pekerjaan rumah kalau offline bisa cuma sehari dua hari dlnya semua mata pelajaran ada pekerjaan rumah aku menemani adikku yang sekolah offline saja merasakan cape apa lagi anak seumuran dia pasti ngerasanya cape banget
iaiyaka,hem bagaimana ya aku ngejelasinnya kalau kita sekolah biasa kayak offline begitu kan latihan ya latihan saja begitu kerjain pas mata pelajarannya berlangsung pulang juga paling bawa beberapa pekerjaan rumah dan aku yakin tidak semua mata pelajaran ada pekerjaan rumah tapi sejak sfh itu tugasnya jadic
b4byjn,beeeeesok gue sekolah offline for the first time setelah sekian lama aowkwkw
flawlassy,gue ngeri di praktikumnya sih tak tau kenapa kayak belum siap saja begitu mungkin karena efek kelamaan online ya ada yang merasa begini juga tidak sih jangan jangan cuma gue doang yang tidak ada rasa excited mau sekolah offline
tanaaaasan,sksd saja my gapapaa lumayan kan ada teman mengobrol di kelas kalau sudah sekolah offline
nkngis,kalian sudah sekolah offline belum
horahosh,iya ambil shift malam mumpung besok sekolah offline ehehheeh
puririen,semenjak sekolah offline jadi jarang buka studytwt
zzhngchnle,kapan sekolah offline sih
popicepakemilo,tidak relate di gue sih soalnya gue lebih mengerti pelajaran yang di sampaikan sama gurunya lewat offline walaupun di sekolah mah tidak ada teman yodeh lah ya yang penting pelajaran nya masuk ke otak kalau online mah mana gue bangunnya kesiangan mengantuk mulu lagi
chocxbearrie,sudah ah ingin tidur anjing besok ku harus bangun pagi dan sekolah offline lgie smsksksdmcndj heuhhh
peekagyuu_,kak nath kangen hueeaku sekarang sudah sekolah offlinedari jam setiap hari jadi sudah jarang memegang handphone gitupadahal kangen buat jbjb tt kak nath apa kabar
scyyxz,gue besok sekolah offlinetp malas tidur anjir
Annetaaulia,jam berapa nih takutnya besok tidak bisa lihat karena sekolah offline
moncherie94,bioskop sudah buka sekolah sudah mulai offline gym buka semua kenapa cuma shake dan shape yang tidak buka lagi butuh olahraga banget
serbukcrystal,lawak banget sekolah gue kalau hari ulang tahun sekolah diadakan secara offline sedangkan maulid nabi diadakan online cih ternyata lebih penting hari ulang tahun dari pada agama
lovebangtanies,anyway bar tips biar cepat mengantuk dong besok gue harus sekolah offline
L0VIESB,besok sekolah offline tapi masih belum mengantuk malas tidur
oppiezoo,gue punya sekolah lucu banget najis kp offline wajib ikut ptmt berjalan sahabat belajar berjalan tapi giliran kena teguran langsung ketar ketir awikwok
sunm0rii,yang enggak gue suka pas sekolah offline ini tudari jam sampai murid cuma boleh duduk doang tidak boleh bawa minummakan tidak ada istirahat sumpah apa tidak pegal mana kursinya kayu lagi
ssaerimu,besok harus sekolah offline
lovebangtanies,moots cara biar cepat mengantuk dan tidur bagaimana besok harus sekolah offline soalnya huhu
visttae,aku sudah sekolah offline waktu buat istirahat saja sering kurang huhu hype enha sama bangtan sudah susah dbjsjsmaka i miss kamu too
godamye,pretty good agak cape karena tadi sekolah offline but still fun anw terima kasih uuu nay jangan begadang juga kalau mengantuk buruan tidur okaayy
howiyoung,teruuussss ya anjir jeki taiiiiii ksel ah terus juga teman kelas gajelasss uler banget ih lawak banget masa ngaduin apa yang ada di gerak cepat ke guru wkwk padahal biasanya juga kamu pada misuh misuh terus ya besok sekolah offline sudah menangis saja
nandahhrp,wedeh besok hari pertama sekolah offline
jjjminieee,besok kalian sekolah online atau offline
starfruud,bangun pagi pagi di hari senin harus sekolah offline
laylaacityx,mengcapek besok sekolah offline harus bangun pagi jangan begadang
rideruto,itu hal yang dilakukan setiap hari by the way kamu masih sekolah online atau sudah offline
jayparkjngsng,deluan ya besok sekolah offline gnite sleep well moots
gatauuuulagideh,tidurr besok sekolah offline
kidulity,sama nder aku juga besok harus offline tapi lagi ada yang bikin tidak enak tidak apa apa yuk sekolah saja belajar kan hak kamu semangat
ffnnajae,sekolah offline tidak apa apa asalkan kalau matematika ekonomi di rumah saja boleh tidak sih
beyourselfbts,makin gue pikir pikir masa sekolah online sudah nyaman banget kalau offline tidak tau kenapa gue kayak malas banget
kecci,yeeess satu bulan ini aku sudah sekolah offline kak summy senang banget banget setelah menunggu satu tahun akhirnya bisa ketemu tt im even happier now to hear that kak summy should always be happy lt
dobbycrushh,kalian lebih suka sekolah offline apa online tolong tugas gue tidak offline tidak online sama saja bejibun
achiosaurs,sudah siap sekolah offline go
ayasazi,besok aku sekolah offline yeayyy
kalaN0There,for your information gue sekolah offline tapi tugasnya di kumpul di google classroom
kalaN0There,cape banget tugas gue menumpuk baru hari pertama di minggi kedua sekolah offline sudah menumpuk saja kadang guru itu pikir enggak sih kalau anak murid itu masih ada mata pelajaran lain iya sih mengejar materi tapi cape banget harus begadang cuma gara gara tugas
lastrimilikku,kan sekolah kuliah sudah pada offline jadi mereka ngurangin buat jajan kecuali kalau kemarin covid menganggur jadi pelampiasan ke beli merch amp pc begitu
Mastertogels,jalanan mal bioskop bandara tempat wisata sudah mulai buka anak mulai sekolah offline para pedagangpun mulai tersenyum pasien covidpun mulai hilang di rumah sakit semoga jadi pertanda ke arah kebaikan tetap taat prokes supaya tidak terjadi gelombang ketiga
Hajaekyuu,maaf moots aku jarang jbjb akhir ini lagi overthinking semenjak sekolah offline
jjkiesy,beberapa hari ke depan srl dulu iya soalnya lagi sekolah offline tugas juga menumpuk
kookiebullet,kenapa weyyy jurusanku belum boleh sekolah offline
lukasomanalu,koentjoro yang terbaik untuk bangsa ya bro anakanak sudah mulai sekolah offline lihat yoyakarta kemarin sampai macet penuh mobil luar kota ada rasa khawatir
jjenorion,kenapa ya sekolah offline lebih kerasa capainya tapi seru sih
sugarbabyykim,senin ini my first sekolah offline after tahun tidak ke sekolah
Faimeng606,i mean sekolah offline sekolah biasa sih memang tiap senin jumat
unicornangelkai,suatu saat nanti yang sekolah pakai kerudung akan merasakan sekolah online sekolah offline
sunooforlifee,besok aku sekolah offline
curioussmoo,apakh aku harus menangis besok vaksin padahal sekolah offline terus ada pelajaran kimia amp visual arts aku mau ikut pelajaran
moonareas,yang sudah sekolah offline spill dong uang saku kalian berapa
gulajawa____a,gue fine fine saja kalau offline cuma ya kalau ekstrakulikuler off in saja begitu lah anjir gue mau fokus sama mata pelajaran kayak ada saja hambatan semoga saja ekstra kulikuler nya di hentiin sampai gue lulus di sekolah itu wkwk
naajaeminok,bukan bagaimana ya kalau catatan karena sekolah online ini ok lah masih bisa kalau ini kan sudah offline kayak dia juga sudah nyatet kan nanti gue yang nyatet susah dia tinggal nyalin santai
eifat22,awal dan akhir karena itu gue sekolah offline gue pilih dua duanya
KTanjayasri,iya sekolah di rumah kalau guru gue ada di kota yang sama dengan gue guru datang ke rumah kayak sekolah offline kalau gue lagi di luar kota materi and soal latihan dikirim lewat email deh dan itu sudah berlangsung selama tahun terakhir
inisipiepie,mau kak buat jajan sunscreen buat sekolah offline
Wanfatinfiqah,first day sistem penggiliran untuk kumpulan pelajar b ada budak kumpulan a yang masih datang sekolah walaupun sudah pesan minggu lepas cikgu ulang balik from az apa yang ajar kat a last week sebab pdpr offline module tak berkesan tanpa ada penerangan yang jelas dari guru
bacotancasaa,jahat banget mereka ngerencanain liburan di depan gue yang minggu ini full sekolah offline
Itsme_nayoung,gue baru kelas tugas sudah tidak ngotak haha apalagi kuliah mampus gue apa jangan karena gue tolil tugas doang di bilang banyak lebih dari by the way bukan cuma karena gue sudah sekolah offline kuis amp ulangan sudah jadi tugas gue juga haha cape saya pak buk wkwk
nanongmtnk,tidak apa apa deh gue sekolah offline terus asal tidak satu kelas masuk sudah srek banget gue sama sesi ini
diemlobgst,asikk dong sekolah offline
youngeunjkt,sekolah mu masih daring apa sudah offline
ingkurapika,lebih suka sekolah offline apa online
pengabdilino,semoga cepat sembuh ya biar bisa sekolah offline aku lagi memikirkan ujian tengah semester soalnya disuruh bikin video terus
hyemiyya,hem eh ya tapi sekolah offline juga aku gakenal teman sekelas sih km kenal tidak
TzuwithYu,demi tadi soalnya juga gue kayak begini tadi pagi mana sekolah offline terus gurunya juga ngawas di belakang gue kayak degdegan banget
Sas_Frio,ah soal sekolah offline sama online by the way
Gryffindorrrr_,selama ini berangkat gelap pulang gelap sampai tidak tau kalau sekolah sudah offline ya wkwk
arkathereader,tadi revan keluar ya sekolah kamu offlineonline dek
pacarakubanyak,gakkk sengaja kepencet kata tengah itu teman lagi bilang besok takut sekolah offline
wowowthing,jujur kangen sekolah offline sih
ifieatbingsu,aku jahat ya iyapasti jahat banget kalau begini mending sekolahnya di rumah ajamales ketemu teman teman sekelas tapi aku ingin sekolah offline juga duhhhhhhaku bakal coba berdamai sama hati deh mungkin butuh waktu yang lamatapi ayo chakendaliin diri sendiri
bbytrezz,aku sudah sekolah offline walaupun sehari masuk nya sudah senang
talemonade2,hari ini hari pertama sekolah offline pas berangkat hujan pulangnya motor mogok sampai harus jalan kaki di siang bolongpake pantofel
yeahtyaelah,sekolah onlineoffline
qrollz,aku tidak pensi kook cuma ngurangin koleksi karena habis begini sekolah offline jadi takut gadirawat pcku
mashihomellows,kayaknya bakal rest hunter dulu mau sekolah offline
Underooes,mending offline deh kalau sekolah online mumet banget gue
pipiw___,aku sudah mulai sekolah offline juga tetapi di sesi sesi pagi sampai siang sesi siang sama sore
linostibean,beginilah jadinya dari kelas sampai sekarang kelas tidak sekolah offline parkiran saja tidak tau di mana
prplbtss,sekolah online mengeluh sekolah offline mengeluh
lvlyderain,offline school bikin cape luar dalam anjir fisik gue cape banget karena sekolah jauh di kelas juga kurang maksimal rasanya
cihiroogino,kalau lagi proses pindah on begini inginnya sekolah offline full day bercanda sama teman terus jadi cepat banget melupakan rasa sakitnya
hantarans,gue sekolah offline belajar pedicure and manicure gue ke sekolah menumpang bersihkan kuku lumayan gratis
chubbyville,sering banget apalagi pas sama waktu itu sekolah offline nih jalan pulang itu lewat tempat tongkrongan warung tetapi sering dijadikan tempat tongkrongan anak sekolahan khusus dari sekolah kami untungnya sih pakai motor aku
iceparkeu,gapapaa nanti aku yang mulung semangat sekolah seru banget sudah offline
jinmasganteng_,frio kalau alasan kamu begitu memang bisa diterima sih dan mungkin beberapa orang bisa mencari teman kayak kamu begitu tapi coba dari sudut pandang lain mungkin ada yang ditempat kuliahsekolah kena pembullyan atau apapun itu yang merugikan jadi mereka senang online daripada offline
Sas_Frio,kalau dari sisi aku aku try hard buat membaur pas di kuliahan ya coba saja mencari teman yang satu minat sama orang kayak begitu atau tidak biasanya bantu teman kalau kesusahan tugas nanti bisa tau mana teman mana bukan jangan djadiin alasan tidak mau sekolah offline gede rasa susah cari teman sih imo
zaasunoowinn,ingin cepat sekolah offline
ryxxyna__,pas sekolah online buruan kayak sekolah tatap muka offline pas sekolah offline tidak apa apa balik lagi sekolah online saja tidak apa apa yakin
missdayxyx,gue pas sekolah offline nanti
tabithalaras,iya karr mingdep balik nih gue kalau sekalian sekolah offline berarti sudah gue di jakarta sampai libur akhir tahun
sathornus,dulu ya pas masih sekolah offline aku biasanya hafal sama jadwal pelajaran hari ini hari itu tapi sekarang tidak hafal sama sekali
1013__am,percuma sekolah sudah balik offline kalau tetap tidak diksi duit jajan
schfess,sch akhirnya offline lagi terakhir offline di sekolah ini pas kelas dan sekarang sudah kelas sender sampai dan sama di gedung yang sama tapi ini sender kecepatan jadi masih sendiri di kelas
darkpinkeuseo,sama sama sekolah offline memang bikin cape aku merasakan wkwk apalagi kalau sudah sorenya tambah les semoga bisa cepat beradaptasi dengan baik eh tetapi dulu aku betah banget di sekolah sampai sore banget jam sore baru pulang
agung_yuliantoo,yang masih sekolahkerja via online adalah enak kalau begadang bangunnya kesiangan tidak perlu khawatir lah yang berangkat kerjasekolah offline itu yang gedandapan puyeng
sunmeanlae,k uang jajan uang bensin kadang suka ditambah k sama kakek kalau lagi main ke rumahnya tapi ini pas jaman sama offline sih buat kos sama keperluan sekolah kayak fotokopi nanti dikasih sendiri
nctslaludihati,wow mantap by the way kamu dom mana kok cepat sudah sekolah offline dari pagi sampai sore
nctslaludihati,sudah sekolah offline dari pagi sampai sore kah
shineynoo,baik ini sekolah sudah mulai offline dan tugasnya banyak banget jadi lumayan jarang on twit hbu
shineynoo,sekolah sudah offline dan tugas banyak banget hssj
menfesssyg,sayang tidak ada bersyukurnya ini orang giliran online pada inginnya offline sekarang sudah ada sekolah offline malah inginnya online lagi maunya pada bagaimana sih tidak konsisten kalau begini caranya kamu semua mending tidak usah sekolah deh
O959697L,tadi sudah mulai sekolah offline
sygfess,sayang tidak ada bersyukurnya ini orang giliran online pada inginnya offline sekarang sudah ada sekolah offline malah inginnya online lagi mending kamu tidak usah sekolah deh aku kesal sama kamu semua
JungHeeYaa,alhamdulillah jalan bulan ini sudah mulai sekolah offline mulai dikasih sangu sama orang tua jatah k sehari menabung alhamdulillah jalan tapi bukan cuma untuk album sn mulai kekumpul banyak aku ambil buat beli jilbab dan lain lain sampai sekarang cuma kekumpul k
dlwobs_,hari jumat sekolah offline
rchel_louis,i mean like skip kelas terus masuk sama sekolah offline
shineynoo,baik cuma lagi sibuk saja mengurus sekolah ini sudah mulai offline dan tugas sangat bejibun
chalametberry,demi apapun ingin sekolah offline
n4dippaa,sudah sekolah offline jadi susah buat on di sini im sowrrryyyy
bananacityx,halo tai tadi sekolah daring atau sudah masuk offline by the way jangan lupa mam ya
subschfess,schapp di sini yang sudah sekolah offline menurut kalian tugasnya tambah banyak atau tidak trivia ombrometer adalah alat pengukur curah hujan
watermlnsgr,pas offline begini cuma dikasih ongkos pulang doang sih karena kantin sekolah juga tidak buka wkwk
zuunise_,cug tidak ada rasa bersukurnya memang manusia dulu dikasih libur tahun mengeluh ingin merasakan hidup normal sekolah offline sekarang sudah mulai hidup normal sekolah mulai offline eh malah meminta di online kan lagi memang
yeahtyaelah,cape tidak sekolah offline
cchyuckie,sekolah onlineoffline
yeorirooo02,itu nder pak nadiem pusing masalah sekolah online salah sekolah offline salah jadi beliau merasa pusing
Frilzzz,padahal sekolah offline cuma sampai jam tetapi kenapa cape banget ya
comfortcrawd,setidaknya seninku tidak terlalu buruk karena sekolah offline terima kasih ya buat seisi x ilmu pengetahuan alam termasuk yang tidak mengobrol sama saya dan cuma lihat liatan
minsungcarts,gue mingdep offline tks bagaimana kalau jam sekolah terus gue di selasela belajar bu izin mengangkat video call lia
jaespeachs,dulu ingin banget sekolah offline pas dengar kabar bakal belajar offline ya senang dong tetapi sekarang pas offline malah ingin online lagi soalnya suasana nya kok freak begitu ya
dicylight,bleau sekolah offline hbu
shatoyuu,iya diksih semenjak masuk sama terus juga kan sekarang sudah sekolah offline
akunikutGA,bismillah bisa di gedor makji juga hehe lagi mengumpulkan duit nih makji buat bayar utang mama sama lagi menunggu kalau ada rejeki tambahan mau beli novel dan peralatan sekolah adik yang sudah offline
xyosh_1,jangankan kantin sekolah sekolah offline saja belum dibuka
dubucityx,todays mail kali ini todays mail nya bukan pc tapi hand sanitizer renjun buat sekolah offline anjaylucu banget pas datengnyasafe packing and another yupi for freebies
coklatpocky,sekolah offline tetapi terbatas
ybchan_i,sibuk diriku chil sekarang sudah banyak sekolah offline jadi harus mengunjungi ke sekolah langsungtetep on kok cuma ya kadang malam hehe
buluketeknyjeno,iya mak mana sekolah offline
ChannChan_,ingin sekolah offline yang full begitu deh tt
novalianaaja,kantor sekolah sudah mulai masuk offline pusiang bu semoga tidak kejadian
taehyungkohl,bersyukur itu yang bilang mau online saja egois kalian gue malah bersyukur banget dengan adanya offline lagi walaupun pekan sekali adik gue sekarang paham berkalian dikitdikit tolong lah mengerti yang lain kan ada juga itu di sekolah di kasih surat ketidaksiapan offline
IchaVarma,waduh adikku sudah masuk sekolah offline
piaaa_____,sekolah dekat rumahku sudah offline dan aku baru tau karena terlalu lama bersembunyi di dalam rumah
cherryb717,cieee sekolah offline ya
sxtarla,bisa tidak sih sekolah offline online sesuai suasana hati
mahiftto,gemas banget ponakan sudah mulai sekolah offline
ipehmalik,di antara heboh pekerjaan dan anak mau sekolah offline itu
pickstarjie,mengantuk tapi harus sekolah offline
cityelights,sudah sekolah offline kh
nitend0o0n,sumpah ingin sekolah offline biar dapat sanguu
BELEKMATAJUYEON,offline class rasa nya tidak kayak sekolah biasa tidak enak anjr mengobrol tidak bisa terus di gue juga tidak ada istirahat jadi memang cuma belajar terus pulang mau mengobrol sama teman duduk nya jauh jauhan terus mana kayak orang budek kalau mau mengobrol dahlah ingin offline saja
KTanjayasri,memang sekolah kamu sudah offline
Nawaxena,bagaimana aii seru kan sekolah offline
luvyourv,padahal enak sekolah offline kemarin pas gue ngambilin raport adik tiba jadi flashback masa sekolah dan itu seru banget woeeeee kalau ada kesempatan ingin balik ke masa sama
lollipolyyy,heran lihat anak sekolah yang sekolah tidak pakai masker terus keluyuran jangan karena sekolah sudah offline jadi beranggapan keadaan sudah baik saja kenapa sih wkwk covid itu belum selesai apa sih salahnya ikuti prokes sementang aturan sudah diperlonggar bukan berarti semua nya baik baik saja
taeyongtea,gue sudah sekolah offline tetapi ingin daring lagi ahhhhh
wad_wic,sumpah kenapa pas sekolah offline malah menumpuk woi tugasnya
jmwncityx,online study offline exam hebat banget sekolah gue
Ayrashirly06,betul nanti di kasih online offline sekalian siang malam sekolah apa tidak meninggoy
leleparkcityx,belum kak lagi sekolah offline
ipickdino,re sekolah offline
yunoxygen,jujur sudah cape banget sekolah offline
Preciouspolca,pas masih sekolah offline di kantinku te jus sudah k
Bahiyyihbae,lagi kelas sekolah offline kah
cookiejjay,kalian lagi sekolah kah online pak offline
lonyyylove,ini kayak nya indonesia sudah mulai normal ya soalnya ada wacana sekolah sampai sore bukan nya tidak suka bersyukur banget tapi aku sukanya kegiatan online alias belum lulus coy deg degan gue sidang skripsi nya offline
burjeckk,gue yang tidak pernah excited sekolah offline sangat mnyesal
httpswnd,ingin sekolah offline anjing
satifa07,benar anjir sekolah offline cape banget
convomfs,kalian yang kuliahsekolah offline kalau lagi belajar kalian menyalakan lampur kamar tidak
ltnelcy,offline malah kayak buang buang waktu yang biasa nya bisa ku pakai buat mengerjakan tugas malah ada di sekolah kalau misal guru nya masuk datang jelaskan materi gkpp tetapi masalahnya ada beberapa guru yang datang cuma kasih tugas doang kadang ada guru yang tiap jam mata pelajaran beliau dipakai bahas tatib
byunniecon,pagii makjii aku sudah mulai sekolah offline dong hehe
mpuyupuyu,jujur iya anjir aku tidak tau sekolah ku sudah offline atau masih online
SEO1610_,dak jujur tidak enak njr sekolah offline
ariesvck,sama beli permen birutdi bingung beli permen biru apa bubblegum tapi permen biru favku dulu waktu sekolah offline ya allah kangen jajan sekolah dulu
woocheekiesbin,sudah mulai sekolah offline ya
subschfess,sch sekolah sender hari ini harlah offline lagi tapi sayang tidak boleh di unggah foto nya tt
convomf,kalian diijinin sekolah offline atau tidak kalau tidak alasannya kenapaaa
MyDear_Clouds,tapi benaran sekolah itu sumber penyebaran penyakit yasejak sekolah offline tidak pernah itu anak kena batpilpdhl dulu bisa bulan sekali gantian ke dokter gara batpil
liteurasi,gue sudah lama offline betah kok ingin dibuat cape sama bolak balik sekolah dari pada cape tidak kenapa apa di rumah
sy4sh4kh4,gess aku mau bilang nanti selepas mungkin aku sudah tidak akan aktif lebih tepatnya sudah sekolah offline dan aku asramaahayyyy masih lama sih yaaahh kira kira begitu translate jametnya
sy4sh4kh4,gess aku mau bilang nanti selepas mungkin aku sudah tidak akan aktif lebih tepatnya sudah sekolah offline dan aku asramaahayyyy masih lama sih yaaahh kira kira begitu translate jametnya
yehdamnnn,aku bangun pagi lalu pergi ke kamar adik dan ternyata dia hari ini sekolah offline lalu pergi ke rumah tante tapi duo monyet sudah ke rumah temannya pagi ini sangat membosankan tidak ada yang bisa kuganggu mau ganggu mama yang berkebun pun pasti dimarahi
peachlixi,ingin beli ini buat sekolah offline soalnya bateraiku boros banget
adnyahadid,kekurangan sekolah offline sakit pinggang cug cape duduk mulu
realwoka2,gess aku mau bilang nanti selepas mungkin aku sudah tidak akan aktif lebih tepatnya sudah sekolah offline dan aku asramaahayyyy masih lama sih yaaahh kira kira begitu translate jametnya
Askrlfess,askrl spill outer yang bagus buat seragam sekolah dong mau offline nih
AsinuriahcZ,kenapa sekolah offline itu kalau istirahat bentar banget bekal gue tidak pernah habis kalau bawaa
kingofnamjoon,cimory enggak sekolah offline sudah pulang
yeonjunaidi,gue juga lebih ke sekolah online sih tapi gue merasa perlu untuk offline biar lebih berani karena sumpah selama online gue jadi lebih kayak kurang pada terus takut buat bersosialisasi makanya gue selalu bilang kediri sendiri kamu harus ada perubahan enggak mengerti juga sama diri sendiri
Jihanijjyan,tak tau saja yang lulusan c word ingin balik sekolah offline
sirnatha,malas gerak banget anjing sekolah offline
cxnnamon,adik gue pada sekolah offline gue di rumah tidak kenapa apa kuliah juga baru tar sore berasa pengangguran anjir
adorablehikaru,daring itu sekolah online kalau ptm pelajaran tatap muka jadi offline begitu memang km sekarang tidak kuliah kh kok berkeliaran
jxxmint,gue banget kalau di sekolahmana kelas gue ganti jadi tidak sampai sama wifi sekolah sad banget akhirnya cuma buka galeri atauga main game offline
salturnuss,sekolah offline jam gerah banget anjir mana tidak boleh menyalakan ac
jaeclownx,sekolah offline berasa latihan militer
xixiclass,betul setiap sekolah offline bawaanya panic attack terus bagusan online jadi agak tenang
_gabrielprince,iya nder kynya pada mulai sekolah offline
NEunhwi,jujur ya pas sama itu kan gue tahun ke potong corona jadi online memang enak sih online tapi lebih enak offline karena benaran kerasa banget sekolah nya terus juga jadi punya kenangan begitu deh kalau bisa sama lagi gue juga ingin anjing rasakan jadi agit
jakegf__,kalian sudah masuk sekolah offline belum
dheamtrd,iya kak ini aku expo begitu kan dari universitas sama bimbel terus memang ada jadwal kita datang ke sekolah aku kira expo nya bakal offline kalau kita ke sekolah ternyata sama saja tetap join zoom
08DOVERIYEs,dua duanya sih online lebih ringan materi tidak sampai kepala tapi ada banyak waktu buat mencari kembali materi yang diajari offline berat tapi materinya masuk otak cape setiap pulang sekolah muka selalu pucet
bbrighttsna,hari nih kalian pada sekolah online atau masih offline
Fahrisquirt,untung beberapa masih online kalau offline sudah jadi korban bullyan ini fan mu di sekolah
allbiraa,hai moots kalian sudah mulai sekolahkuliah offline tidak aku ke kampus cuma buat praktikum
jimnxpark,sekolah offline
PJSXXHRJN,sekolah offline biasanya jam sudah berangkat tetapi tadi jam baru bangunlagi bisanya sudah bangun jam malah tidur lagihadeh tolol banget dhuntung tidak telat
mrozaann,malas banget sekolah offline
A_Jang31,christyjkt kalau sekolah offline sudah ketinggalan bus sekolah nih
killedbyJe,nggasoalnya aku jawalnya sekolah offline
tataehoonie,pagi semuaaaku sekolah offline todaykalian gmndaringoffline
tarenjunct,makin kesini makin malas sekolah offline anjir
hrnjuunn,gue mau sekolah offline
nanajaemin2713,sekolah offline sudah nih
jensmalfoy,fr sekolah gue tidak jelas banget anyink masa mau dibotakin mending offline saja kalau begitu
zhangrina93,memang lebih baik sekolah offline sudah online begini jadi tidak ada adab
melodicallight,aku adalah dari awal dengar bakal balik sekolah offline langsung tidak tenang hati
todayiswinter28,oi kamu sekolah offline yyy wkwk
nataegurll,sekolah sih but tidak offline hehe
_gabrielprince,aku close dulu sampai nanti siangg soalnya hari ini sekolah offline
renjunhloml,belum offline nih semangat sekolah offline nya ya
akuantariksa,campur saja sih kayak sekolah aku seminggu kali offline sesuai jadwal masing dicampur online buat mata pelajaran yang dirasa tidak terlalu penting di kejuruan kayak pkn sunda dan lain lain jadi offline itu fokus di mata pelajaran penting kayak matematika sama mata pelajaran kejuruan
selatasn,sebenarnya selama satu jadwal sama bestie ya sekolah offline itu asyik
ItsHanjis,kapann aku sekolah offline
etcernity,giliran online katanya ingin offline pas offline ingin balik online tidak usah sekolah saja yuk bisa yuk
cloudgoogie,pada sekolah offline ya
asdfghjaehyunn,sekolah offline day banyak jam kosong nya
bertanyarl,tanyarl kalian risih tidak sih kalau misal teman kalian berbicara begini konteks sekolah adakan event ada kegiatan beda dan setiap murid pilih acaranya wajib dan offline sedangkan sekolah masih online
rjchanyxw,sekolah online offline nih by the way sudah sarapan belum
rjchanyxw,sekolah online offline nih by the way sudah sarapan belum
A_ciaaaa,sekolah sudah offline tetapi masih ada tugas video ini another level of pain
itsxsne,sekolah kalian offline atau online
blvrriekarina,kalian sekolah offline atau online
won_hanaa,benar banget anjir sudah nolep gpunya teman disekolah lagi kalau sekolah offline pusing banget jujur
husniibahaaa,semangat guru memang terletak pada kehadiran muridnya ke sekolah sehapalagi semenjak pandemi yang memaksa sekolah harus online terus sekarang perlahan mulai kembali offline lagi rasanya semangat mengajar langsung berlipat ganda menurut ku sih seperti itu
nanaxnia,sekolah offlineonline
turquoissee__,sekolah offline tidak seseru yang di bayangkann
JAEH9797,semoga bisa sekolah offline lagi ya
04EZHIKARU,hlow sudah sekolah offline semangat
sunlychees,offline apa online sudah sekolah e tar gue sudah bantu bikin alasan taunya offline
JAEH9797,p t the sama siapa yang sekolah offline
jooniestudy,sekolah offline hari ini aaaaaa aku berapa kali bikin sekelas tertawa pamer
Arove_Rhine,agree jujur sekolah offline sekarang tidak enak gue gak tau kenapa
jaeminebby,sekolah online offline
SKZON3,masalahnya di sekolah saya itu sudah offline cuma saya sakit jdinya daring
peacyoon,eh kalian yang sekolah offline itu berapa jam
renjunieez,km sekolah tidak offline atau online nih
SusiloPurnama1,sekolah offline apakah sekarang saya tertarik oh tentu saja tidak
KAY6HSPCS,semangat ptm nya sekolah offline tetapi sesi siang
lavienboo,mootssss kalian hari ini sekolah online atau offline
gojorenzai,pasti sekolah offline
faizalwahidd,sekolah offline panas
yooyouha,oh sama dong besok aku juga sekolah offline semangat sekolahnya ya
privthmn,lagi sekolah offline tapi gurunya dari tadi tidak ada dan semoga jam kosong wkwk
shewoops,bangun sekolah offline
swebtie,tanggal desember bangtan konser offline gue sekolah offline tai
encitijeen,kalian masih sekolah online offline
gladiolustae,morningdari aku yang sekolah offline
pacarkuhaechan,sudah dyaz sudah sarapan belum hari ini aku sekolah offline have a nice day too dyaz
VanBluesve,kalian sudah ada yang sekolah offline kah
nanapeaceluv,kalau ada class meet offline nanti yang bukan po banyak yang jadi korban buat ikut lomba soalnya po tidak boleh ikut lomba di class meet kalau di sekolah ku sih begitu sekolahmu iya tidak sayang
lcstymark,pertama kali sekolah offline
rjchanyxw,sekolah online offline nih by the way sudah sarapan belum
rjchanyxw,lxyc sekolah online offline nih by the way sudah sarapan belum
rjchanyxw,sekolah online offline nih by the way sudah sarapan belum
rjchanyxw,sekolah online offline nih by the way sudah sarapan belum
zannnnn_llop,pagiii buat yang sekolah offline semangat ya
rjchanyxw,sekolah online offline nih by the way sudah sarapan belum
rjchanyxw,sekolah online offline nih by the way sudah sarapan belum
BucinBriann_H6,mndhs hari ini aku kesekolahh kim sudah sekolah offline atau masih online paman
ncityyjen,haloo rinn aksksusjsns ya allah bagaimana kabarnyaaa dhh sarapan lummm hari ini sekolah daring offline kuliah kerja apapun itu semangat rinnn
jjonghoberry,rina hyonk kau sekolah offline tidak
hwaniflrt,paling malas sekolah offline kayak begini mana cuma orang
Nyiw10,aku malah semangat banget sekolah offline
jeacminie,kalian hari ini sekolah offlineonline
fairysnowchae,anjing besok sekolah offline
subschfess,sch malas banget hari senin sekolah offline
Bahiyyihbae,semangat sekolah offline nya dek
naechueog,bagian pjj aku semangat sekolah offline nya
caarinja,aku agy sekolah offline
angelfangss,ya kalau memang kamu mau malas malesan mending bdr sih dim tapi mau kerasa tidak jenuh terus seru mending sekolah offline
ruanxyoungeun,aaaaa aku sekolah offline
mhmdgeng_,aku iya tidak kuat nek sekolah offline
convomfs,kalian yang sekolah offline pulangnya jam berapa
creatyvlio,sekolah offlineonline
reyysonance,selamat pagi semua sekolah offline duh
wndrfljay,offline tapi sekolah siang
qiannkun96,punyaa waktu masih jaman sekolah offline aku make lagu ini buat alarm
_eaJae__,sekolah sudah pada offline ya kalau gurunya ganteng ingat kata tukang ayam bakar
bubblegumbitcj_,pagiii semangat sekolah offline nya jangan deg deg an ya
yourraae,iya kan gue sekolah offline
miniecaa,pagiiii hari ini aku sekolah offline hari pertama degan banget plisss
grraceelliEe,aw saya sekolah offline
dxqacha,pagi moots yang sekolah offline semangat yang daring jangan tidur
ViolaNuraini,unty morining kak fen ini lagi siap mau sekolah offline
rikimiato,pagiii buat yang sekolah offline semangat ya
rdnysmn24,sekolah offline kak pulang jam di lanjut les jam wahwah
nuna_seok,semangat sekolah offline
Owelwel_,first time sekolah offline jujur tidak asyik tidak ada kakel
haexxlye,sekolah online inginnya offline pas sudah dikasih offline malah malas malesan dasar aku
Bilssomnim61,iya gue tiap minggu les sama sekolah offline jadi harus isi
taehyuhngi,beli soalnya buat sekolah offline
rosecatyxx,aku sekolah offline hari ini
jjhsbaby,sekolah offline kapan dibatalkan sudah gue cape banget anjir offline cuma buat ngabisin bensin dan kuota
https4u_,pagi moots by the way yang hari ini sekolah offlineonline semangat ya
sanchbang97,struggle pertama waktu itu kiraan online ternyata offline sudah enak bangun jam lebih taunya harus berangkat sekolah wkwk sekarang malah kebalikannya kenapa seimbang begitu ya
hjscbg,kalau lagi sekolah offline saja
deraiark,good pagi sekolah sudah mulai kelas offline tahun lebih sama sekali belum kenalan sama yang lain di kelas pain
vzook,pada sekolah offline tidak nih
ddoremiiii,sekolah offline
hanibanisweeti,ingin sekolah offline
ceIlebrity,yusuf mansyur kamu too sekolah offline pts nih gue
rarazehs,akhirnya saya sekolah offline lagi
seishubby,sekolah offline
srytlvv,ih teman temanku di sekolah lain sudah pada offline hari ini keren
shibaoyuzuha,pada sekolah offline enggak sih
cutylolyy,adik aku jiwa malesnya luar biasa dia tidak mau sekolah offline hiks kalau tetap dipaksa pasti melawan sampai main fisik
Shicandylight_,pada sekolah offline ya
indahhppp,masih malas malesan kalau mau sekolah offline
haechanjktim,pagi guys aku sekolah offline
annaalee__,good pagi moots hari ini aku sekolah offline hdue padahal lagi pusing gara gara bawaan dari flu by the way jangan lupa mam ya
YEONBlNE,iya allah lupa aku jam offline meh apapun sekolah ku dekat sama rumah oke aku mandi dulu
botakgabut,selamat gue sekarang sekolah offline doakan iya semoga gurunya tidak menagih tugas
dilucside,wish me luck sekarang sekolah offline gue tidak kenal siapa siapa
mkkayp,oh wah adik gue sama di jaksel sudah mulai sekolah offline
etdyaopey_,huaa semoga bisa cepat sekolah offline
serenteres,syukur belum sekolah offline
erigomow,schdkfks hari ini sekolah offline
schfess,sch kangen sekolah offline tanpa sesi sesi an tidak sih trivia rumus harga keseimbangan pasar adalah qdqs
schfess,sch gais pas dulu masih sekolah offline kalian paling sering kehilangan barang apa sharing dongs trivia stratifikasi terbagi menjadi stratifikasi terbuka tertutup dan campuran
etdyaopey_,kalian sekolah offline tidak
rapIoey,anjir sudah masuk minggu sekolah offline
kiemcheahyun,adikku sekolah offline owowoow aku juga takut sekolah offline masalahnya handphone ku belum selesai
AlisaAnggraeny2,unty pagi kok siap dong kok kan hari ini sekolah offline
snikthbinn,hari ini sekolah offline and do kamu know pren gue lupa cara make dasi ueueue
thesweetpota,salamat pagisemangat bagi yang sekolah offlineyang tidak ya sudah semangat juga
vangeancewll,hari ini masuk sekolah offline lagi hiksssrothh malas
hhrwwa,malas gerak banget sekolah offline
dinoocityx,sekolah offline online
daisybubuu,yang sekolah offline jangan lupaa sarapan ya
daisybubuu,sekolah offlineonline
yutqdepok,ow hore aku sekolah offline
KinderJ35913943,sekarang sekolah offline hore
ourjcno,sumpah gue makin sini makin malas sekolah offline
seokjin_cityx,sekolah offline
byunyocung28,mengantuk tapi ada sekolah offline
ttubinieluv,sekolah offline
Wakwukkk,hari pertama sekolah offline adik adik
ekimia,gue mau sekolah offline taejin live dulu dong biar semangat
ENKAZUHA,pagii selamat sekarang gue on the way sekolah offline hufttt
Ievhaibaa,ah shitt menyesal banget dulu ingin sekolah offline enakan sekolah online
qummyxby,aduh hari ini saya sekolah offline
iiiwufffyouuuuu,bye bestie nanti sekolah offline
honeybiniejinie,tidakk sekolah offline nanti pagii
schfess,sch kalian kalau sekolah offline masa sekarang itu jadwal pelajarannya ganti tidak kalau ganti biasanya diumumin jadwal barunya h berapa harijam
realtsaritsa,uh sudah lama tidak keluar rumah jadi terbiasa tidak berinteraksi sama orang lain selain keluarga di rumah semoga sekolah offline tidak buruk tetapi takut banget tolong
rriinnxc,belum tidurrr perkara nanti gue sekolah offline jadi tugas ekonomi harus tuntassss memang syalann battttt
chyunshiho,nanti sekolah online apa offline
Sseungranger,enak ya sekolah sudah offline ini aku saja meeting masih online
jeongrenn,ini gue bisa selesai sampai jam berapa deh mana paginya gue sekolah offline
jihoonjajan,sekolah offline soalnya
O4hee,tak tahu ada class ke tak sebab kan i sudah sekolah offline but i grup a sok this week study sendiri je kot
akusaski_,besok sudah mulai sekolah offline dan pasti ini gue tidak berhenti salting soalnya crush gue satu kelas tak tau besok kalau ajak dia mengobrol harus berbicara apa haha
bitterpai,pas mau sekolah offline kok malah tidak bisa tidur
apricitaejay,besok sekolah offline tetapi gabiss tidur sekarang
pichypurf,tidak bisa tidur gue oh baru ingat tadi gue habis minum kopi mana besok sekolah offline kesiangan kan tidak lucu
JAEMIXNN,sedikit tapi kalau sekolah offline jam tidur ku langsung rapi banget
doyoungta,besok masuk sekolah offline semoga nanti pulang sekolah pas buka twitter langsung dapat selamat aminkan dulu saja sudah
Panggilvee,hai kamu penghabis gratis sms waktu lalu apa kabar sudah lama tidak jumpa ya tidak ada maksut apapun cuma heran saja dulu kita membicarakan apa saja sih sampai gratis sms gacukup sehari gratis menelpon jam saja kurang kok bisa begitu lah padahal dulu masih sama sekolah offline
marklcity_,baru lihat jadwal sekolah offline hari senin pulang jam siang aaaaa
Jibeomr,sekolah offline itu butuh apa ya
Ieegahyeone,kalau lagi tidak malas tidak sekolah offline sih iya
mengsambatmu,aku sudah jarang pakai gerak cepat sudah offline jadi ya kumpul sekolah semua
nsabbine,besok sekolah offline tapi seragam gue masih di ember alias ya masih di air rendaman
nonoprivcy,aku sudah tidak pakai google classroom lagi nder alias sudah sekolah full offline
kakcilok,kenapa harus h sekolah offline
rizalogy_,tidak terbayang kalau sekolah offline bagaimana nasib fan mu di sekolah mana besok senin
itsjonegf,masalah nya besok aku sekolah offline jadi di kumpulkan tidak keburu kalau pagi mengerjakan nya
ilovmix,kalau habis ini sekolah offline terus bagaimana ya sejujurnya gue belum benaran siap pakai sesi an saja gue menyiapkan mentalnya seminggu
jaysayangku,besok gue sekolah offline mlsss
zaseola,besok gue sekolah offline malas gerak banget
mccndanse,omgg besok sekolah offline
Faaizzs,mending tidur sudah besok pagi sekolah mana sudah offline daripada mengantuk mengantuk di kelas
hunderwerr,sekolah offline padahal belum pada vaksin here we go
muhammdfaiq,ra bayangke aku dadi rafi rabbanisesok pertama sekolah offline andang sudah di ece koncone
lvuckycityx,aku akan tidur karena besok sekolah offline
Juymilee,baru sadar besok gue sekolah offline aaaa
bertanyarl,tanyarl siapa yang besok sekolah offline huhu harus mandi pagi mana sender besok ada apalan kimia
onyourmaraa,besok gue sekolah offline
jjkjmna,sumpah ya sekolah offline bikin stres
jaejensha,fisika fuck banget lah tidak mengerti apa apa gurunya masuk seminggu sekali ngejelasinnya tidak detail eh dikasih ulangan terus anjir mana sekolah offline kit heart aku sudah dua kali dapat nilai rendah
iflychan,eh laaahh malas banget sekolah offline padahal biasanya gue semangat
lovkaibear,oh iya besok pada sekolah offline ya pantas teel sepi banget
ddoyjsuh,ini kapan aku sekolah offline nya
onlyforjasuke,jam segini aku lagi degdegan mau ngehadapin senin besok padahal kalau dipikir pikir sekolah online lebih santai mandi tidak mandi tidak kelihatan sarapan tinggal ke dapur bawa ke kamar jamnya juga dipotong setengah kok dulu pas jaman offline aku biasa saja ya
kaedeharaaz,guru aku gjls baru memberi jadwal jam segini buat besok sekolah offline
convomf,umm guys besok hari pertamaku sekolah offline sebagai murid baru can kamu guys cheer me up tiba tiba aku takut banget tidak punya teman
ya_homie_ijat,itu arusnya gede banget busett tidak heran kebakar kabel yang parallel ditengah itu hilangkan coba untung tidak percobaan offline hangus nanti sekolah
eonuland,kerja yang dilakukan online ada tidak ya aku masih minor baru kelas dan offline kalau kerja offline langsung sepertinya tidak bisa karena bentrok sama sekolah tugas dan les
ourjiels,malam ini gue mencoba tidak ambil tidur jadi pas sudah pagi langsung sekolah offline
jeikeujeik,members kak besok aku sekolah offline
pwi_yo,sudah baru baru ini pas sudah sekolah offline
saranghaneunhoe,lucu banget lihat anak remaja exciting besok sudah mulai sekolah offline
pwi_yo,lebih wkwkkwkwwk nolep banget ya gue dulu sekarang tidak karena sudah sekolah offline
kyslovly,sekolah anya lucu banget offline sebulan sekali
yjhcuddles,aku miskin belum sekolah offline tidak ada uang jajan wkwk
kimgyunie,kenapa harus sekolah offline sih kan aku malas bangun pagi
kyslovly,besok kalian sekolah nya online apa offline
Isma_yuvindaa,besok sekolah offline
skiesgaze,ngespace yuk eh kamu besok sekolah offline tidak kalau sekolah offline tidak usah wkwk
keyyouuu,besok sekolah offline terus foto ijazah tidak apa apa deh soalnya jadwal foto ijazahnya pagi mukaku belum berubah jadi ladang minyak
kooriaa,sudah tidur dulu besok sekolah offline
chocoasy,besok adik sekolah offline
fallincrow,hai besok kalian sekolah offline orang online
hopeutchx_,besok sekolah offline dan aku mules rn
cavvalljs,dulu pas offline bangun tidur ku terus mandi sekarang online bangun tidur langsung sekolah
shouuren,ngedudel dulu sebelum besok stres dengan sekolah yang mulai offline sama deadline commission
seokjinie179,dari pagi itu sudah bantu masak buat tahlil mama sama ayah terus siangnya zoom angkat jemuran menyapu ngepel sorenya pergi buat nobat pas pulang menonton bareng juga masih harus bantu beres beres rumah nenek besok pagi harus mencuci baju segunung sih adik juga besok sekolah offline
vkookprple,official besok sekolah offline
semuamembaik,via setiap cerita aku iya iyakan saja biar cepat dahlahhh sekarang sudah sama ah gaseru jir kenapa aku telat sih nah loh sekarang aku bingung mau curhat nct ke siapa tidak sih lebih ke kayak enakkkk tidak sih dulu pas sekolah offline cerita menyambung sama chairmate mianhae via
yoshilufiee,tidak besok sekolah offline
Juymilee,semangat fayy besok aku juga sekolah offline kyu titip salam sama aku katanya kangen kamu
itsleciii,kalau sekolah offline kan palingan cape punggung sama cape pikir soalnya di depan layar terus kalau cape olahraga itu lebih bokin mengantuk apa ya kayak kamu buat sekadar bangun dari kasur sampai tidak ada tenaga terus mata sampai berat banget rasanya harus tidur saat itu juga
dntmrhsz7,besok mulai sekolah offline lagi
aisydtzx_,maless banget apa lagi besok gue sekolah offline
sceulnery,by the way besok aku sekolah offline
stioru,pas sekolah sama k minggu subsidi uang jajan di luar sekolah k haha kuliah karena offline sih belum tau sebulannya berapa semoga dapat banyak sudah pas offline cuma subsidi uang jajan minggu k sama kuota k bulan
iceminthoony,haha minggu kemarin aku sudah offline hari plus sabtunya ekskul cape banget ternyata sepertinya aku sudah lupa bagaimana rasanya sekolah offline
rriinnxc,besok itu giliran gue yang sekolah offline tugas minggu yang lalu belum pada selesai gue ngantukann point nomor
ghibahbarengyuu,kangen sekolah offline kayak dulu bilang nya sakit padahal ikut tryout akbar di sekolah lain haha
sheeerrylll,besok aku sekolah offline
nanaacuties,sekolah offline tapi selang seling
abelleseo,sekolah offline
jenoleeowner,kalian sudah sekolah orang kuliah offline enggak
muffingvrl,anjing besok sekolah offline ajggg
fullsun_mh,gue besok masih sekolah online dar minggu ini doang gue offline
ggirlydoy,gue tidur duluaan ya moots besok sekolah offline jadi harus bangun pagii hehe good night mootss
yeseophile,sp yang besok sekolah offline cung
hjunskylightd,alhamdulillah enggak begitu semenjak sekolah offline jadi walaupun di luar rumah tetap bisa scroll lini masa haha
KUR0BAKID,enggak maksudnya ingin sekolah dari rumah ke sekolahttp offline nomer karena kalau online masuk kuping kanan keluar kuping kiri blmmm yang kata waktu itu ada foto amuro pakai baju kid itu buat anime apa manga sih sama dc juga sudah rilis volume ya
kooadorable,aku ingin beli online streaming yang di lah nanti tapi itu mulainya hari jumat jam jam masih jam sekolah belum lagi nanti sekolah kena jadwal offline hadu
hppyfllsn,prefer sekolah online apa offline
convomfs,menurut kalian kalau sekolah setengah online setengah offline begini enaknya bikin acara apa
gasukamericano,terus besok gue sekolah offline
rrrCatcher,duh bisa enggak sih tidak usah offline begitu malas gerak banget gue besok sekolah ih
Lilina0127,iya aku sekolah offline
D1SYUUU0,sekolah offline bestie online
winxcityx_,lebih suka sekolah offlineonline kenapa
dxqacha,bisa tidak sih sekolah offline tapi kalau ulangan online
Gyozaa12,itu yang berharap sekolah offline semangat belajar atau malak duit orang tua
garupdaa,cape banget buset sekolahkuliah offline dari ketemu terbit sampai terbenam itu matahari
juyelatte,besok aku sudah offline kayaknya sekolah ku telat tidak sih baru offline besok haha
maqkima,wkwkwkwkwkwk gue seminggu dua kali only sekolah jadi ya tiap minggu harinya ganti gkpp bersyukur bisa offline
cutiiecityx,konteks sekolah offline
staiymad,kapan aku sekolah offline di php terus
leriicrab,bagus deh aku juga baik iyaanie sekolah ku sudah offline dari lama soalnya sudah banyak tugas berceceran aosksjsjshsh
bbaetiger,besokk kalian sekolah offline apa online bestiee
ssugalaxyz,tidak besok jadwal sekolah offline
ccornjay,besok kalian sekolah online orang offline
ren_3to3,sekolah aku sudah offline tapi akunya sudah nyaman sekolah online
raarasj,bulan ini masih nder novdes sudah tidak daring lagi karena sekolah ku itu baru jadi belum banyak murid nya jadi nya offline terus
ImLOover,sekolah offline jink
jessicharenata,no offense tanya saja apakah ini efek anak sekolah offline yang tidak taat prokes srba salah sebagai orang tua lebih enak anak ke sekolah tetapi disekolah anaknya pada buka masker colekan ingus
sushistasion,keseringan sekolah online besok sudah mulai sekolah offline tiap hari tidak tiap hari juga sih
jiiejiiema,run run besok senin by the way pada sekolah offline enggak
Naaajefff,besok senin sekolah offline huaaa
kerolshazwan,staf aku biasanya bebudak cuti sem atau lepas spm sok member sekolah di orang kerap lah datang sok bila aku serve dengan ramahnya muncullah beberapa soalan belakang aku manajer kamu gay ke kamu mintak top up gan aku aku cakap offline
ty_mylover,aku cape sekolah offline
berrychixu,bingung kalau sekolah offline enak sih bisa paham materinya karena dijelasin langsung tapi kalau online belajarnya bisa sambil duduk rebahan mau gaya apapun ya tidak apa apa soalnya tidak oncam
syfazha,twit hai kak yoon aku kembali aku lagi badmood banget gara tugas sekolah yang susah nya meminta ampun jadi malas ke sekolah nya juga kalau tugas belum di kerjain itu suka kepikiran terus ada masalah lain juga yang bikin aku malas sekolah offline ya karena aku baru masuk sekolah menengah kejuruan sama
soobrngdns,lebih suka sekolah online atau offline
2Ipjm,aeh yang offline live stream itu time sekolah lah weh
kepitring,besok sekolah offline tolong akdgsksgsjs
hanibanisweeti,besok harusnya aku sekolah offline tapi malah diliburin
nnarnr,besok sekolah offline
spicyb1tch,ya allah besok sekolah offline
peachajj,besok aku sekolah offline
bangeunn,ih samakk mana kalau sekolah offline gupek terus takut ada yang kelupaan
morrenallyy,woi besok sekolah offline anjirt bagaimana ini
morrenallyy,malas sekolah offline tetapi ingin ketemu teman
_nzrpcyy,kapan weyy sekolah offline tidak ada shiftan gue ingin ngehapus semua materiebook sama foto pelajaran yang di handphone
syataroo,coronces nder jadinya online kan muridnya banyak jadi tidak bisa mengatur semua kayak sekolah offline begini deh hasilnya
gyukvn,aaaa besok giliran gue sekolah offline
enpapillon,mau kelihatan keren begitu sekolah nya hybrid online offline tapi malah bikin pembelajaran tidak efektif
baseumum,bes kan aku sudah masuk sekolah offline tetapi rambut aku di warnain begitu tetapi kok tidak di marahi ya kaget pas baru masuk kenapa guru aku tidak marahi suruh ganti warna hitam
bebyhyunnj,wkwk besok gue sekolah offline
spootato,alhamdulillah semenjak sekolah offline kuota sedia selalu
oceancoenffl,gueee besok sekolah offline malas
rjchanyxw,besok sekolah offline tidak
pjmbuddy,twit jimin aku takut banget sekolah offline besok
jwieSO2,nggaaa besok ke sekolah wawancara nya jadi offline terima kasih banyak ya lt
Bunnylionleos,lah anak sekolah sudah pada offline ya
flyphanyy,iya anjir mana gue sekolah offline
juyeonsure,besok kalian sekolah offline online
nqtsvmes,besok sekolah offline anjjj
dxqacha,bisa tidak sih sekolah offline ulangan online
djiscord,senin besok ada yang sekolah offline
ailurosphilea,yang benar saja paginya sekolah offline sorenya masih dilanjut daring
rachelgheana,sekolahoffline aku sudah sekolah offline
namkooksha,ibu gara mana izinkan kalau offline semoga sekolah gue offline sem saja lah
luvmarkli,besok sudah senin saja mana gue sekolah offline lagi
bilaraaaa,aaaaaaargh mana pas hari keempat ptd on stage aku sekolah offline
ugmaamiin,semoga lekas sembuh inten offline sekolah offline
pcarnamjoon,bts untung besok gue tidak offline kalau offline gue sepertinya di sekolah linglung
oogabelooga,ponakan gue mau masuk sekolah offline oh my god
rarashioo,waaaa besok saya sekolah offline
darkchovo,tak tau gue dari awal sama sampai sekarang belum merasakan sekolah offline
nameisjoon,senang ada streaming buat offline konser tapi kenapa yang hari terakhir aku sekolah hai ya ampun mau menangis
rosefstvlsn,sekolah offline bermula bagaimana ya tugas gue masih numpukkkkkkkkkkkkkkk
Frilzzz,kok gue senang banget ya besok sekolah offline wkwk karena untuk pertama kalinya sekelas masuk tetapi kelas misah
nw0014592118,besok sekolah offline sial
iimperatrix,ya allahaku sekolah offline pas pelajaran matematika
mmthilldaa,semangattt chryss enak kokk sekolah offline
21otwngambis,aku sebenarnya suka belajar suka nyatat suka interaksi sama guru pas sekolah offline terus aku juga tidak punya keahlian khusus nder semua skill yang aku punya dangkal semua amp general banget jadi menurt aku aku perlu kuliah spya bisa menemui spesialisasi aku dibidang apa cocoknya
caixbingie,kalian besok sekolah offline atau daring nih
ErithaYohana,besok sekolah roster nya kimia pku pjok anjayyy gue belum buat karya apapun buat pku besok gue belum siap sekolah offline gue sudah terlanjur nyaman sekolah online
stickjetZ,pertama kali bertugas offline sekolah minggu lagi jadi perlu diabadikan
jwisungiey,full sekolah offline by the way malam
inbrlynz,besok senin hwaaa mana besok sekolah offline jadi petugas upacara lagi kalian sekolah offline apa online besok
wonijay,hai kak izin bertanya kalau ikut lomba online begini memang sertifikat nya bisa dipakai ya kak untuk membantu snm saya kira harus lomba offline dan di atas lomba antar sekolah
winterambutan,besok sekolah offline
mafuyonama,siapa yang besok sekolah offline
ceceliabbs,besok sekolah offline lah
Rylllfauzi,zaman itu handphone itu mahal jaringan lelet juga bisa buka google cuma di warung internet gue kan sekolah offline dari jam sampai jam nih masa gue tiap pulang sekolah cuma ke warung internet kalau kamu bilang alasan gue lucu kenapa yang di tonton ada televisi baca koran majalah buku bukan buka google
shuuberry_,besok sekolah offline
arianagaandee_,besok aku mulai sekolah offline hufttt kembali ke dunia yang kejam lagi
wintouxicated,tas ransel buat yang mau sekolah offline
HadiRamlan3,dulu pas sekolah offline kadang suka kasihan sama mereka gara gara suka meminta hotspot
heesnaraz,besok sekolah onlineoffline
cubicrusty,kalian sekolah offline berapa kali seminggu aku sekarang sudah kali seminggu agak tidak ikhlas hatiku
wishluc,besok sekolah offline
jaehyunlays,mau sekolah offline cok
qu_kiebie,kayaknya sekolah gue mau offline gagal mulu anjing astagfirullah
yyangniverse,besok sekolah offline
lleardn,saya malah bosan pas sudah offline ini mana sekarang sudah hari an sekolah dalam minggu jadi makin bosan kurang ada waktu nge twit
sunoofoxies,besok sekolah offline
sbtjaepil,eh aduh besok sekolah offline
llyzvmx,ice tidak sih soalnya juga aku sudah mulai sekolah offline amp kalau nugas siang siang jadi kelarnya kalau tidak sore ya malam makanya akhir akhir ini tidurnya cepat bisa jam sudah ketiduran
sanorinsano,masuk buku hs mabuk bolos mata pelajaran semasa sekolah offline dulu
aIeeeea,besok sekolah offline dari lubuk hatiku yang paling dalam aku malas banget heyyeheje soalnyaaaa aku beda sesi sama teman deketku takut saja jadi anak pendiem terus dighibahin alea sepertinya anak yang cupu banget ya
ehypenct,sekolah offline ada istirahat nya enggak sih
zar_28,buat kamu semua yang punya pasangan mahasiswa baru sekolah mulai offline gue cuma ingatkan jagaa karena para mahasiswa baru itu sudah jadi jatah katingborgol kalau bisa ilanggg sudah ikhlas kamu ditinggal wkwk waktunya overthinking guysss
Helesunnx,nih sekolah mau online atau offline sama saja anjing sama banyak tugas
zar_28,hati hati buat mahasiswa baru yang sudah masuk kuliah sekolah offline kakak tingkat nya jadi saingan kamu siap tahan ditikungan wkwk
akuameliaa,sibuk banget parah sekolah offline sekarang setiap hari
zeapplefj,besok first day gue sekolah offline
aqarui,gue takut sekolah offline help
osakafue,karena tadi sekolah offline
ENmergensy,fess sekolah lain sudah offline kita doang sepertinya yang masih daring
schfess,schapp wtp guys sender senin besok sekolah offline trivia karena hambatan jenis kawat mengalami perubahan saat suhunya berubah maka hambatan listriknya pun akan mengalami perubahan saat suhunya berubah
Yoshinorilovely,iya by the way senin sudah pad sekolah offline kampus gue juga sudah sih dari kemarin tapi kayak sebal saja sudah senin
catapimoriarty,apa yang harus aku lakukan ketika mingdep sekolah offlineya tentu saja meminta jadwal operasi ahwhwhwhwh
dxvilsflowrs,besok senin besok senin sekolah offline aaaaak tidak
ilovhaesun,wkwk tidak kak dyn saja aku juga jompo akibat sekolah offline mogu lucu banget kayak nama kucing tetangga ku
smileno_,ya gue sudah sekolah offline sih
moonareas,aku besok sudah mulai sekolah offline nihkalian masih online atau sudah offline
uwoos_j,oh my god baru ingat kalau besok sekolah bagian offline
bucinnakun,gue sekolah offline anjir
phasevillick,besok sekolah offline lagi
shunka_12,kenapa baru sekolah offline teman gue pada bikin sg sama pacarnya lah gue sama siapa pelukhassun
ArmyismyF,mari lihat concert lupakan soal sekolah offline besok
spebrm,gue tidak ada sepatu sekolah bagaimana besok sekolah offline
caprihornn,sekolah offline cape juga ya
earlyarch,kalian sudah sekolah offline
txt_introvert,kalian prefer sekolahkuliah online atau offline sebutkan alasannya
zavoryxd,handphone gue saja dari baru ganti di akhir tahun karena sudah retak parah dan memori nya pada saat itu kecil tidak bisa nampung banyak apalagi pas banget sekolah offline tugas video banyak dan mau uprak jadinya dibelikan baru
dilucside,besok aku sekolah offline
antihuman98,ya allah hamba tidak mau sekolah offline bisakah engkau meng onlinekan lagi sekolah hamba hamba mohon ya allah hamba cape hamba takut
ohmaigateu,pose terakhir kayak abg baru sekolah offline terus ketemu tementemennya
gyubiesmall,tidak apa apa semangat sekolah offline nya ya
yxseoo,jangan diingatkan tolong besok sekolah offline
txtmyeuphoria,hai gaiss maaf banget aku jarang aktif aku sudah sekolah offline dan ternyata tugasny malah menambah saja tetapi diusahain akan aktif kok jangan unfollow saya oke
brwnsxgr,aku adalah bakal memberi duit buat beli paketan mandiri asal tiap hari dikasih uang saku kayak biasanya pas masih sekolah offline tidak akan meminta uang buat beli paketan aku itu kalau bisa mengumpulkan uang sendiri hasil dari uang saku seharihari
c_hynnn,kalian sekolahkuliahnya sudah offline apa masih online
chrisschan_,besok aku sekolah offline yeahh
ketiaksoobin,kalau sekolah sudah banyak offline cuma ada beberapa daerah yang zona merah
wonijay,sama kok sudah offline cuma seminggu sekolah seminggu daring oke oke semangaaaat juga kamu
aisydtzx_,besok senin gue sekolah offline
batagorrr_,ganba ucii aku tau kok rasanya sekolah offline setelah sekian lama online malas
zzrpjaex,besok gue offline sekolah masalah nya lupa ya allah
narjnx,sekolah kamu sudah offline atau masih online
etuustudy,besok aku sekolah offline tapi kayaknya besok tidak ada kbm deh cuma ada acara debat sama pemilihan organisasi siswa intrasekolah oh iya doakan aku ya biar terpilih jadi anggota organisasi siswa intrasekolah
shitechu,besok sekolah offline uhuy mana sesi
nacutieejm,besok saya sekolah offline
moonchildwens,siap melihat anak sekolah sudah pada offline sedangkan gue maish di rumah saja jujur gue iri
iceprincedusty,gue tidak bisa sarapan sudah langsung mules apalagi pas jaman zamannya sekolah offline begitu tetapi sekarang sekarang ini adalah ya bisa bisa saja lah tetapi sakit perut sedikit
_2eunsang,masih sekolah offline juga pas waktu itu jadi tidak on
permenyupwi,katanya murid mau dites pacar random orang buat penentuan sekolah offline tolong semoga negatif semua aku rindu uang jajan
zaseola,maless banget besok sekolah offline
cherrishdiary,kamu sudah sekolah offline belum el
liaphny,tata sudah sekolah offline belum
taegyuie,bisa santai rebahan sebelum sekolah offline
hanibanisweeti,gais kalian sudah benar sekolah offline
moonareas,gue mau curhat sedikit jadi gue belakangan ini sudah mulai sekolah offline dan gue bingung karena gue mau ikut masuk tetapi this anxiety bothers me gue harus bagaimana for your information orang tua gue tidak tau gue punya anxiety selama ini gue cuma konsultasi ke halo doc
vessl8d,andai dia kayak dulu sebelum sekolah offline mengejar nilai iya tapi juga ada waktu buat aku kesannya egois iya iya gue tau tetapi tidak apalah kan cuma andai padahal kita cuma berteman haha lucu banget dddd
GhalibRoyyan,semangat sekolah offline
urrsskyy,mau puaskan baca au mumpung lagi sekolah online nanti kalau sudah offline tidak akan punya banyak waktu buat baca au
alicceblue,gara gara sekolah sudah mulai offline tak tau harus up apa
userllovely,sekolah online orang offline
JOLIEVOIR,sekolah offline tugas malah makin kececer anjing
O6116S,aaa akun ini mulai tidak ke uruss sibuk sekolah offline akutuu sampai rumah langsung tidurr skskksjs
itsbaginda,sama anjing dalam konteks sekolah offline beserta masa dan kenangannya
gprltwgwsp,sekolah online cape mental sekolah offline cape fisik dahla jadi rumput saja
buanawisnu,kayaknya kalau sekolah offline bakal banyak kasus bullying gara gara bocah cilik menonton tokrev sudah
randidp05,christyjkt aku lagi memikirkan sesuatukarena di hari rabu aku ada ulangan matematikadan sekolah aku sudah offlinejadi aku harus memikirkan strategi untuk mendapatkan jawaban dari googlehehehe canda canda
popcoown,ini semenjak gue sekolah offline perasaan seminggu cepat banget dha masa sudah minggu lagi saja tidak jelas
xilentcry,gue benaran deh ingin banget mengerjakan sesuatu tanpa menyontek kalau sekolah offline terus enak anjir tidak ada yang menyontek
fierwuu,tidak tau yang penting sekolah offline
lovaenna,kangen musim hujan pas sebelum corona apalagi musim hujan pas sekolah offline
ummxxbi,pernah karena sudah mulai offline jadi besok pas sekolah takut tidak ada teman teman gue sudah pergi sama geng barunya haha
chxfuyzu,besok aku mau beli handphone gue yang sudah sekolah offline iwww panas banget gue gambar yang sudah sekolah offline
ssavirae,please banget sekolah ku baru saja offline itu pun terbatas
kalasaurs,boleh boleh saja sudah sringg sekolah kan offline online jadi gapapaa
gataudehhpusing,kalau sekolah offline kisaran an tetapi belum termasuk kalau mau ngemall begitu
jjkzvs,kalau tidak sekolah kalau sekolah offline
spacinline,ketika orang orang senang sekolah offline gue di sini gemetaran tidak bisa tidur wkwk
yeahtyaelah,kalau sekolah offline kadang jam sudah bangun
littletigewr,sebenarnya yang bikin malas kalau sekolah offline itu cuma mengejar kereta doang
yaenfe,tetapi bagaimana ya gue begini juga ggr ada tanggung jawab lain kayak tugas sekolah club etc pas buka genshin bawaannya sudah cape lebih dahulu jadinya cuma daily commis mau sih bisa puas puas main tapi ya mana sekarang sudah sekolah offline juga
hyuneshaa,yu kayaknya tapi itu pas sekolah offline sih semenjak online school tidak dikasihtau rankingnya selain yang besar sjdjdjsjjds
sweetiekepmoon,aku ikut senang kalau kak minji sehat wkwk tidak kok hari ini sampai kemarin belum ada yang bikin menangis sekarang benaran lagi senang seminggu sekolah offline terus duit nya ku belikan pc kevin jadi kayak aduh kayak kebahagiaan banget tidak sih terus besok libur kayak sudah lah senang
pcygrlfrnd,kenapa semenjak sekolah offline jam tudur gue balik kayak dulu sih masa jam segini mata sudah berat banget gue mau begadang oi mau baca au sampai malam
WaloKukus,kalau pakai masker terus sih tidak apa apa ya kalau menurut aku tapi plisss dong sekolahkuliah ini ayo offline sedih aku itu daring muluuk gara gara covid tidak selesai jadi tidak offline anjri
baeharagi,pentingnya sekolah offline full seninjumat sampai jam gunanya biar orang tidak aneh episode nctzen
bisagilaahahhah,dan setelah melakukan salat waktu saja doa ku satu persatu terkabul muali dari aku ingin sekolah offline terus ingin dicerdas kan otak nya dalam hal akademik maupun non akademik ini benaran diturutin aku doa ini pas salat subuh dan pas sudah jam aku mengerjakan tugas
skzlovys,alhamdulillah aku baik kak tapi ya begitu semenjak sekolah offline jadi susah main twit hikss
reneleoo,jadinya kuliah di cirebon sudah mulai offline kuliah dia pamit sekolah terakhir kelas sama tautau sudah kuliah saja haha
kooadorable,senin sudah offline tapi aku belum beli sepatu sekolah
studyjwi,mau sekolah offline
jhaecuties,sekolah offline bikin aku jadi gendut
hhhyjii_,ya allah weekendgue belum siap sekolah offline lagi
xbbyloeyy,benar sih aku jadi semangat sekolah offline gara gara ada crush wkwkwwkwk tapi minderrr
nurulfasyeehah,assalamualaikum murid murid hari ini kita kelas offline sebab cikgu ada urusan kat sekolah
chesetoys,kak ell sudah sekolah offline kah sudah minggu gue sekolah offline
joyouslilies,tak tau kenapa tapi sekolah offline itu bikin cape banget
JS25_2,sudah sekolah offline jadi tambah sibuk
nyakawr,aku sedang gelisah karena selasa dan rabu masuk sekolah offline dan aku belum hafal yang harus dihafalin
jaykilovely,aaaaa kak rani sekolah offline lagi kapan
209Ymn,tidak apa apa min saya lebih suka sekolah offline
tthecinnamon,gara gara libur sekolah offline seminggu jadi gapengen sekolah offline lagi gxbsnanajsjjss nyaman di rumah
moviemenfes,siapsiap buat sekolah offline mvs
sssunkimno,sudah diijinin sama sekolah kemarin jumat juga sudah pramuka offline sudah mulai sekolah offline juga
mnhcentric,aku itu umur tahun tinggi merasa sudah tinggi banget cukup lah begitu seenggaknya buat anak seumuran ku tapi kenapa pas sekolah offline aku kalau lihat temanku dongak ya mereka makan apa selama pandemi ini padahal temanku rata setahun di bawah ku
skyyharubae,tadi sekolah offline tetapi tidak pelajarann tau begitu aku bocan di rumah
flaviyroose_,aaa kangen sekolah offline
nakayutampan,itu waktu sekolah dasar padus pas sama dan waktu masih sekolah offline belum ada kopit
sucssfulppl,sekolah offline tapi lebih suka ujiannya online
lydribityp,sekolah offline ulangan online
maulidatunnis23,akhirnya sekolah offline
abuyyis,jujur cape sih tapi cape kayak tidak berasa gituuuu sekarang sudah mulai offline sekolah aku nya sudah keburu lulus padahal ingin offline
EdukaSystem,lebih suka sekolah offline atau online nih kenapa
hohowcham,padahal baru saja senang lihat anak sekolah pada offline merasa ya allah dunia sudah terasa normal lagi
mattchac,bagaimana mau beradaptasi ya sama ini virus tiap beberapa bulan sepertinya ada varian baru terus tidak berharap bisa lepas masker kayak sebelum covid tapi berharap banget sekolahkuliah offline karena gue ngerasanya kayak percuma ini bayar kuliah tapi tidak masuk materinya
najjaemna,tolong cptcpt sekolah offline tiap hari saja tolong biar uang jajan saya double sama sisa ongkos kirim
convomfs,hari seninsabtu sender sekolah offline full lt
ljndoyie,mau jual pc buat beli kacamata ku sekolah offline papan tulis buram terus
winwingbumereng,di korea sudah sekolah offline kalau sudah bisa jadi sekolah breng kayak izone dulu dilihat di realita show nya
alzireon_,hal yang aku agak kurang suka sekolah offline kita sekolah nih pelajaran biasa kadang kasih latihan soal di sana pas pulang nih tengoktengok handphone ada saja tugas dari jadwal pjj mengesalkan betoolllllll lah
rakunlokal,konteksnya kalau sekolah ketemu offline
yuchanjaksel,karena sekolah online tidak sih jadi pada gaib tapi kan sekarang sudah mulai offline nanti muncul lagi
yangtersaakiti,pernah lah soalnya panaas banget kalau sekolah offline
bubblerynn,tiga memang jahat banget jam sebegitu aku masih di sekolah huhu jadwalnya offline tt
jjeongjiman,apalagi kalau lagi sekolah offline
chxfuyzu,penjarakan luthfi hasan ishaaq dan ahmadiyah di cikeusik pandeglang banten dan jawa barat indonesia yang ini juragan saya mau jual mobil bekas toyota kijang innova diesel yang sudah sekolah offline ada di dalam tubuh manusia yang tidak bisa di unduh di sini adalah salah
hahachee_,tidak tau apa ini cuma aku saja atau orang lain kayak begini jgdulu waktu aku sekolah masih offline selama guru jelaskan materi baik itu lisan atau ppt aku pasti selalu ikuti mulut gurunya berbicara apa terus setelah itu aku catet apa saja yang ada diotak ku jadi lebih cepat paham materinya
iveyy_i,rela sekolah offline tiap hari kalau begitu
winsscityx,bismillah menyangkut buat persiapan sekolah offline
karinmatsuoka,sudah sekolah offline belum kalau sudah bagaimana sekolahnya
Byondee2,sekolah offline the best
anothrze,gue sudah offline semua jadi ya cape sekolah doang sih kiraan sudah offline kamu sudah ngekos lagi tidak sih
ssefnum,rl enaknya sekarang langsung daftar les mandarin atau desember siap ujian sejauh ini aku bisa ikuti pelajaran sekolah dan tugas sih jadi tidak bakal terganggu anw aku sekolah sampai sabtu dan les mandarinnya offline hari terima kasih sarannya
bettercot,sekolah offline yang apes bukan cuma murid bro tapi gurune juga
Whoakunn,dan sekarang juga sekolah kan online bagiku tugas sekolah online ini x lipat atau x lipat dari sekolah offline aku juga merasa di kelas ini tugas jauh lebih banyak daripada pas aku kelas
twelvfour,sepertinya semenjak sekolah offline sudah pada jarang aktif di twitter sih hshsh
tufflufs,ini min wishlist aku hehe sering bgadang jadi kantong mata hitam sekolah offline dan pakai masker jadi jidat belang wkwk wishlist somethinc holyshield sunscreen comfort corrector serum spf pak somethinc game changer tripeptide eye concentrate gel sama
mieaheng,aduh besok senin sekolah offline padahal sekolah aku di yoyakarta dom ku klaten nglaju deh
peachbunny___,sebelum sekolah offline mari kita menjadi babu sekolah dulu
MitraPelajarInd,sekolah offline sudah tiba saatnya memulai kebiasaan belajar yang baru yang tentunya jauh lebih baik dari sebelumnya
your2rl,yrl ada info kerja daerah sidoarjo jawa timur yang offline lagi bu banget mau bantu orang tua by the way buat yang masih sekolah kalau bisa
HIMAKBMKMUnsoed,live laporan sekolah binaan sedang berlangsung program kerja sekolah binaan secara offline di sekolah dasar negeri kedungbanteng dengan tema lawan covid dengan gerakan sama divisi pengabdian masyarakat hima kbmkm unsoed
yummy_Jaem13,too niel sksksk sekarang aku sekolah offline
aisydtzx_,kii sabar ya sekolah nya online apa offline
tiwaytract,gurunya nyeremin jadi takut kalau mindep sekolah offline nanti
menengosu,kamu sekolah offline egk mniezz
yourraae,sekolah offline
pevchesjlovely,sudah sarapan dan sudah mandi karena sekolah offline kamu juga jangan lupa ya
enhypenaddicted,ya tuhan besok sekolah agama offline aku tidak mau presentasi
shnsukei,bukan sih tapi sudah mau zona hijau katanya semoga saja tidak naik lagi memang kamu dom mana sudah sekolah offline kan
Drllny,san nanti pulang sekolah ya aku lagi mengajar offline
CHOl_TAEHUN,malas banget sekolah offline
jyonjaey,benar banget aku dulu waktu masih sekolah offline kalau sarapan perut tidak enak jadi makan jam an sekalian istirahat
