tweet,label_sentimen
ASTAGAAAA BARU INGET SEKARANG SEKOLAH OFFLINE,-1
"Yg udh sekolah offline, lama lama bosan gsi sekolah offline? Kok gw bosen :(",-1
@jinhwanchy Wah udah sekolah offline? Semangat jojooo,1
"@Fajri_UN1TY Haii juga, yuk yg sekolah offline kayak aku semangat belajar di sekolah nya jangan mikirin dia, dia aja ga mikirin kamuğŸ–¤",1
"Sch! Hai gais hari ini sender PTM untuk yg pertama kali di sekolah baru alias baru aja masuk SMA, agak takut tapi tetap percaya diri, semangat buat yg lagi offline atau online",-1
"adek semua uda mulai sekolah offline, ini kakak pertama masi bertahan di meja belajar sendiri sambil nyuapin kucing",0
sekolah offline/online ?,0
Sekolah lg.... Mana ud offline papay guyss,-1
"morning, hari ini sekolah offline/online?",0
sch! wtp sender udah sekolah offline nii... ttp semangat yaa buat yang online juga offline ğŸ’• https://t.co/6ZOS9VwFC2,1
"Yang mau offline sekolah satu orang hebohnya serumah, padahal sekolahnya deketğŸ˜Œ",1
"@bertanyarl ENGGA, gue sekolah offline bawaannya malesğŸ™ tapi waka ngetweet sih jadi i think im okğŸ˜¬",-1
@aradeakay ga sekolah u?? msi offline??,0
udah tau hari ini sekolah offline tapi tidur jam 3ğŸ˜­,0
adek akuu hari ini sekolah offline jadi sarapannyaa udah siap jam seginiii https://t.co/5TIqhlG0mg,1
"pagi moots , cung yg sekarang sekolah offline ğŸ™‹ğŸ™‹",1
kalian sekolah offline??,0
@nininainin_ sekolah nya daring / offline nin??,0
"@yxseoo wahhhh , sekolah nya offline apa daring ai??",0
Serumah baru inget kalo adek hari ini jadwalnya sekolah offline wkwkwkwkw,1
@DiMabokTaekook Gue kira sekolah offline,0
"Bete banget dahhh pagi"" mau sekolah offline eh malah ujan malah naik motor woii masuk angin rasa ny ğŸ˜­",1
"Sekarang padahal sekolah offline, tapi gua blm tidur sama sekali.",-1
"pagii moots ! mau tanya dong, sekolah kalian masih online atau udah offline nii??? kalo aku sendiri udah offline ğŸ˜† #nadabertanya",1
"@chnasbOo HSJAHSKAH SEKOLAH OFFLINE KERASA LAMA BGT SELESAINYAA, STRESS GUE",-1
hi bestie gw sekolah offline,1
ini gua bolos sekolah offline bisa gak ya njg,-1
kalian hari ini sekolah offline atau online?,0
"@schfess PTM sih cuman kadang males bangun pagi-pagi karena kebiasaan daring masuk jam 8. pas offline jadi set 7 harus berangkat ke sekolah, rasanya badan tuh pingin nempel di kasur trs",-1
@wtanable SEKOLAH OFFLINE,1
"Sekolah senengnya online.. Gue lebih nangkep serius.
Kerja serunya offlineğŸ˜­ https://t.co/IB6nRH3EuX",0
"@schfess bkn loker tapi kolong meja. dulu kl offline isi semua buku pinjeman perpus, jadi sekolah cuma bawa buku catetan",1
@convomf SAMA AJGG BESOK SEKOLAH OFFLINE LAGI ADUH,-1
@bertanyarl Kangen sekolah offline ga?,0
langit bisa kah engkau turunkan hujan dengan petir besok? saya males sekolah offline :(,-1
"SchApp! sch! aku besok sekolah offline tapi takut, soalnya gada temenğŸ˜ temen kelas pada nge circle semua:((",-1
"cantik kali pundi-pundi uangkuğŸ˜ƒ so thankful karena pandemi, gue jadi ngoleksi skinker. andaikan, gue sampe lulus sekolah offline. ni muka bakal hideung, dekil gakaruan pasti. uang2ku yang berpindah haluan dari nasi warteg ke skinkerğŸ¤ª aga nyesel, dulu gue duit utuh gadubeli apa2 https://t.co/1Dwxw31ZaZ",0
"belom sekolah udh pengen pulang, alias gapengen sekolah offline ğŸ˜ ğŸ˜ ğŸ˜ ",-1
"@wonijay @sbmptnfess Setau aku ga harus lomba offline dan antar sekolah sih, soalnya lomba online gini juga serti nya diibaratkan kayak lomba pada umumnya (yang offline) apalagi ini tingkat nasional (soalnya diadain univ untuk satu Indo) jadi seharusnya bisa dipake sih. Cmiiw ya",0
besok pagi masuk sekolah offline tp sekaranh blom tidur kenapa ya,0
Sekolah offline https://t.co/0HUTtqm5v6,1
tapi bsk yang sekolah offline giliran yg genapppp ğŸ˜­ğŸ˜­ğŸ˜­,1
"@BAALTlDDlES iyaah aman kl gituu xD

WKWKWKWK hayooo
aku kebiasaan sih gatau kenapa emg udh sejak SMP kebiasa bangun jam 4 gitu kalo sekolah/kuliah offline",1
Mau nangis gasi kek dulu pas masih normal sama offline sekolah.. setiap bangtan comeback selalu ikut po album trs fullpay mungkin grgr sibuk rl ga kerasa bgt tbtb udh rilis trs pada udh arrived ina ğŸ˜­ğŸ˜­ğŸ˜­ bener bener se santai itu dulu.. tp skrng kek apa apa jadi lama bgtt ğŸ˜”ğŸ˜”,0
"so tomorrow finally offline school... i don't know what to react karena pengumumannya tuh dua hari yg lalu, TWO DAYS AGO?? dan gue harus mencari segala peralatan sekolah yang gaktau dmn keberadaannya karena udh 2 tahun gak sekolah",0
semenjak sekolah offline tambah stress,-1
"Tiba tiba mikir kaya gini.. 
Sering banget dibilang â€œhp terossâ€ Nih ya padahal aku pegang hp terus kan juga buat sekolah yak. Kaya.. iya dulu sekolahnya offline jadi pagi sampe sore diem disekolah nggak pegang hp, nah malemnya baru tuh keliatan pegang hp. Tapi kalo sekarang..",1
@hwngsaint sekolah offline yg bikin aku gabisa tdr ğŸ˜­,-1
besok aku sekolah offline ğŸ‘ŒğŸ¼,1
"@parachietamol Aku hari ini sekolah offline full satu kelas. Buat aku yg di rumah gak punya temen, hari ini tu seneng banget!!! Having fun with ma bestie avvâ˜¹ï¸â¤ï¸",1
"@convomf Ga siap sekolah offline, eh tapi kayaknya gue doang",-1
orang-orang membenci sekolah offline hanya karena keluhan pribadi mereka. tapi apa mereka tidak memikirkan apa yang terjadi di masa yang akan datang? ingin tidak normal terus?,1
"jangan gitu, mending dibiasakan. memang kamu mau sekolah online terus? bisa saja kamu kaya berdoa semoga p word ini diperpanjang lagi. mau sampe kapan? ayo, kalau tidak mau sekolah offline, silakan, masih ada yang namanya home schooling. https://t.co/2f4113NipW",1
baru 3 hari sekolah offline gatau knp tp jd kayak mentally unstable,-1
adek gue dateng dateng nyari tas sekolah soalnya bsk offline,0
"@nzz0502 Udh masuk, liat kknya sdh sekolah tk dia mau ikutan, jd ku masukin PAUD aja. Offline bund ğŸ¤£",1
"besok sekolah offline, sama dl tugas video masak",1
"@ttoragaleyo Efek mengantuk, ayo kawan jangan tidur malam malam, gutnait aku mau tidur BESOK SEKOLAH OFFLINE GUE VIğŸ˜­",1
@jnandaradhy @chogiwabois @jeffreyyse kak kok kamu jadi kaya abang tapi kalo kamu online abang offline dah kaya sekolah ye,0
gek wae wis iso beradaptasi sekolah online malah wis mulai offline hadehh,-1
"gue sekolah offline, pdhl di kelas rame bgt. biasanya gue nimbrung ngobrol sama yg lain. tapi ini engga, kenapa ya diem mlu ga seheboh dulu pas kls 10",0
tugas w di ttp aja banyak walau udh sekolah offline heran deh,-1
MALES BGT BSK SEKOLAH OFFLINE,-1
@convomf Bener sekaliii udah semangat kembali menjalani sekolah offline ternyata capeknya malah nambah 2x lipat sedih bangett apa mungkin emang belom terbiasa aja kali yaa wkwk tapi offline bikin lebih paham materi sih.,1
"hadehh ternyata lebih enakan sekolah online yağŸ˜­ kl offline tu ky apa ya, males bgt kudu mandi pagi, sarapan, terus juga gabisa sambil tiduran HAHAHA ğŸ™ğŸ»",-1
"Stase anak, obgyn, ipd udah mulai jaga ampe pagi ğŸ¥º yuk bisa yuk corona ilaaangg ğŸ¥º aktifitas kuliah sekolah bisa kembali normal juga ğŸ¥º

Hari ini vaksinasi anak sma, percobaan mau kelas offline. Semua siswanya ""iya kak, sekolah online mah bego"" ğŸ¥º",1
"tbh lebih suka online, gatau kenapa lebih masuk materinya di aku. tapi kalau suasana sekolah lebih suka offline https://t.co/EOJqFinjOo",0
semenjak sekolah offline tidur awal terus bukan emg harus bangun pagi sih tapi lebih ke capee bgtt,-1
"@convomf Gausah lah buat apa aku juga kok ga buat menurut aku ga guna juga soalnya setahun doang kan offline nya dan aku emg ga deket deket amat and lumayan di aku 300 an sayang duid anjirun biaya sekolah aja dah mahal gue gamau nambahin beban:"")",0
"GUE TAKUT KALO BSK DIA PAS MASUK SEKOLAH MATANYA BENGKAK ANJIRR MANA SEKOLAH OFFLINE LAGI, MASA ENTAR DITANYA SAMA GURU KAMU KENAPA ITU MATANYA? HABIS NANGISIN COWOK AU BU? KAN... BINGGUNG NANTI GURUNYA:(",-1
pliss ga bisa tidur besok pertama kali sekolah offline setelah beberapa abadğŸ˜­ğŸ™ğŸ»,-1
@cllydefvl capek ya ternyata sekolah offline ğŸ˜”,-1
"YaAllah besok ulangan bio OFFLINE, online sie tapi kita tu offline ngerti gx. Kita ke sekolah ulangan tapi tetep pake hp. TERUS NANTI NASIB KU GIMANEEE. Manalagi belajar trus si bolsi NGIRIM VIDEO JEONGWOO JIHOON KAN SAYA JADI TIDAK JADI BELAJARR",-1
"@bertanyarl ğŸ™ğŸ˜­ enak asli, dulu sering beli, jualan nya keliling gitu, sekarang udah jarang lewat, kadang dulu kalo sekolah offline musti pas pulang beli itu ğŸ™ğŸ˜­",1
Wah sekolah offline tdk cocok untuk manusia pelupa seperti saya. Untungnya td temen ngingetin klo ada pr. Klo g mampoes aku.,-1
"@sunewrld @deobifess Jgn dong kita kan blm sekolah offline, nnti km gapunya temen deobi lgi dikelas gmn",0
jd inget pas masih offline dulu sering pake tab sekolah trus gabisa dipake buat buka yutub dan hal2 rekreasi lainnya ğŸ‘ğŸ˜­ https://t.co/f8momSslmh,0
"â˜† study progress
ğŸ—“ï¸ Tue, Oct 26

hai hai! sorry ya aku jadi jarang banget up progress karena udh mulai offline dan jadwal makin padet ga sempet buka twitter. tadi di sekolah ulhar bio sksk. btw chemistry and math for my tuesday â˜€ï¸ğŸ’— rest well guys! https://t.co/1gKMnYLspm",-1
"@makmummasjid ""Denger2 gedung kosong itu dulunya sekolah offline ya pak?""
*persiapan basa basi sama bapak2 tahun 2035",0
dia nyuruh buat baru lagi tadi jam set 8 malem dan disuruh selesai besok padahal besok masuk sekolah offline ğŸ˜€,0
@deathlyfive lal udah sekolah offline blm?,0
@cuffyins janlup istirahat yin!! aku sekolah nya campur kadang offline/onlineğŸ˜µ anw goodnite ğŸ’—,0
Besok sy masuk sekolah (offline)ğŸ™‚ sy mls sebenernya,-1
@abbycdeee BTW GAIS TADI KITA SEKOLAH OFFLINE LOH YUHU,1
"nyesel gua masuk sekolah offline, digibahin guru2 di kantor",-1
besok sekolah offline lagi ha.. ha.. ha..,-1
KENAPA SIH SETIAP GUE KEBAGIAN SEKOLAH OFFLINE PASTI ULANGAN ğŸ‘ğŸ»ğŸ‘ğŸ»ğŸ‘ğŸ»ğŸ‘ğŸ» https://t.co/1Aq0eUMJzP,-1
@chitaglorya__ HIIII KAK CHITAAAAA GIMANA HARI INI ? kalo aku hari ini capek bangetttt krn sekolah offline huhu,-1
jgn nanya au feeling blue gmn.. gua gatauu pgn lanjutin apaa lgi kena writerâ€™s block!!! samaa lgi cari kejadian pas sekolah offline biar rada nyata gtu au nyğŸ˜€ğŸ˜€,1
"haloo, junnie disinii. junnie mau bilang, mulai besok sampai minggu depan, junnie bakal PAS offline di sekolah (tidaaaağŸ˜­ğŸ˜­). jadii, kemungkinan junnie bakal off sampai junnie selesai PAS. maaf yaa caratdeul semuaa ğŸ˜”ğŸ˜”ğŸ‘‰ğŸ‘ˆ oiya, buat yang mau PAS atau lagi PAS, junnie doain -c-",0
"@crarckers sekolah offline tadi jadi ngerasa cape aja, iyaa â£ï¸",-1
@radenrauf besok ga sekolah offline,0
"@56jae kurang tau kalau study tour itu diadakan kapan, soalnya aku sekolah offline cuman pas kelas 7. Kelas 8 nya daring, sampai kelas 9 aku mulai udah ptm :(",1
"@convomf apa ya, dia nanya, kelas berapa... sekolah offline atau online, sukanya sekolah offline atau online",0
offline kenapa capek bgt yaa apa krna gue udah ga sekolah lama ya jadi badan nya makin jompo trus kagok,-1
@bayusaurus @lunai @schfess Kalo di sa pu daerah sempet online 1 semester saja. Jd dr bulan maret sampe agustus. Terus kita offline lg. Dulu pas online ya cmn dr web sekolah/wa. Dikasih file materi aja. Kadang jg ngerjain soal trs kirim wa. Kita gk pake zoom/gmeet/gcr/dsb.,1
"@skrsbrees IHHB YAUDAH KALAU GITU JANGAN SEKOLAH OFFLINE, NANTI RENA SAKIT! DARING AJA TERUS GPP ASAL RENA NGGAK SAKIT",-1
"@skrsbrees Ren tukaran yuk, aku juga kepingin sekolah online, tapi malah harus sekolah offline ğŸ˜¢",-1
Demi apapun pengen sekolah offline,1
"Sekolah offline sesi siang kali ini kok bikin capek bgt yh, malah sampe pusing sekarang",-1
@992sa_ sekolah online or offline,0
"alesan utama gw pen sekolah offline biar ga disuruh-suruh, paling benci anak cwo diperlakuin keak raja sedangkan anak cwe like a BABU!",1
@reveuseist UDAH MULAI SEKOLAH OFFLINE JUGA JADI AKKSJKSJSKS SIBUK BGTTğŸ˜©ğŸ˜©ğŸ˜©,-1
@daprivlifee oalah sekolah offline ya?,0
aku kalo sekolah offline bisa loh otaknya jalan,1
sya makan apa ya dlu pas sekolah offline? kok bisa nulis pake aksara sunda. https://t.co/44TozJeg2U,1
"tbh sekolah offline seru aja, wlupun agk canggung krna udh lama ga ktmu tp seengganya gue kluar rumah gt loh???ğŸ˜¥",1
gamau sekolah offline:( bisa gasi sekolah nya bisa milih gitu? kayak kalo mau off ya off kalo mau on ya on,-1
AAAAA LARI BESOK SEKOLAH OFFLINE,-1
Besok sekolah offline?!,0
Kadang pengen aj gitu sekolah offline biar ga di rumah trs kesepian tapi juga mikir kalo offline pasti ongkos ojeknya pulağŸ‘,0
"@thedyzebua97 @kaptenblink Buat yah buka yt,tiktok,ig,twitter,nonton film,main game ğŸ¤£ 
Kalo sekolah udah offline jadi gk banyak pake koutağŸ™‚",1
kalo sekolah offline pilih jamkos https://t.co/ZssyTCRrGQ,1
"@bertanyarl Tahun 2019 adalah tahun yg aku rindukan dan juga aku lupakan, dimana mungkin di tahun itu adalah terakhir nya masuk sekolah offline juga seru seruan dan di tahun itu juga papa dan bibi ku meninggal karena penyakit jantung",1
@hourlykayy jadi mau sekolah offline,1
"Selalu bawa, kecuali pas sekolah offline sekarang soalnya dilarang bawa bekal https://t.co/ULPeWejrAd",1
"pernah. ngomong ke mama pas awal awal sekolah offline, jd stiap pulang sklh mama selalu nanya ""td sama siapa di sklh? udh ad temen?"" dan aku slalu jawab ""ga ada. ga punya temen hehe"". mama nyuruh pindah ke sesi pagi, tp aku bilangny ""entaran dulu, liat 1 minggu lg"" gituu. https://t.co/6XJLupinwT",-1
@convomf asik gak sekarang sekolah offline nya?,0
@convomf lebih suka sekolah offline apa online?,0
banget. pas mikirin sekolah offline deg'an mulu https://t.co/6h4vab10IN,-1
"@Fajri_UN1TY lagi istirahat nih ji, cape abis sekolah offline:(",-1
"bentar lagi sekolah offline
musowoooowoowowwo ğŸ˜­",-1
omg rabu depan gue sekolah offline,1
Akhirnya besok gua bisa sekolah offline weh private class pulağŸ¥²ğŸ¥²ğŸ¥² https://t.co/bq3WwGN95G,1
lah anjrit mampus.. besok sekolah offline tapi ini kaos kaki putih dah kaga tau ilang kemana ğŸ˜­ğŸ˜­ğŸ˜­ğŸ˜­ğŸ˜­,-1
"biasanya 1 kali, tapi ini sekolah offline, jadi 2 kali https://t.co/kGu9H2Yl6a",0
@convomf sekolah udh offline blm?,0
anjir ak gah sekolah offline ssk ramangkat ah,-1
"ajg lah, sekolah offline gurunya makin ngelunjak kalo kasih tugas",-1
"Fess seneng banget sekolah udah pada offline lagi, jadi bisa jajan di sd https://t.co/bAelTB56ue",1
gamau sekolah offline,-1
"SchApp! Aku siswa kelas 12 dan sekarang udah sekolah offline, setiap pulang sekolah pasti ngantuk pengen bgt tidur, padahal harusnya belajar untuk UTBK. Kasih tips dong cara kalian bisa melawan rasa kantuk, trus fokus belajar!! (Fyi, aku orangnya ga bisa belajar malem (ga fokus))",1
"habis dari sekolah bersih bersih lagi kelas, dan mungkin setelah ini per awalan bulan November udah offline Dann bakalll sibukkkk",-1
sekolah offline terusğŸ˜€,-1
@mataharibulet Klau lgi sekolah online/offline sih jam 6 lewat gitu trus klau weekend mah jam 12 an ğŸ˜¢ğŸ˜¢,0
@moonareas lebih suka sekolah offline apa online?,0
"Anak twitter yang baru masuk sekolah offline pas mau minjem penghapus ke temennya

""Mjb nder,kamu pnya penghapus ga?""
""Gaada""
*temen satunya nyaut
""Mmf ikutan nimbrung nih aku ada""",1
"Sch! Sekolah kalian udah seleksi ksn belum? Yang mau ikut seleksi geografi, kalian belajar nya dari mana ya.. apakah bimbel offline??",1
"@goowdboy Mau ini boleh ga siğŸ˜­, buat sekolah offline https://t.co/NBtH0fsZ6W",1
"sch! gimana nih yg uda sekolah offline coba review dong?? ğŸ«‚ 
kalo sender : masih belum/jarang interaksi sama temen, pada diem semua :( karena gda waktu istirahat juga, buat mapel jadi lebih paham dan gurunya okee si seruğŸ‘ğŸ» walaupun pulang pulang kerasa capekk ğŸ˜£",1
"tp serius loh bingung bgt sm temen kls yg seneng daringğŸ˜ƒ lu bayangin gasi kalo offline tuh cuman sekolah 3 jam, guru jrg kasih pr, materi mudah dimengerti, lah daring? tugas, ngejar deadline, materi kaga ngerti, encok, begadang, hadeh",1
"sekolah offline yang awal nya seru, makin lama makin banyak tugas ğŸ¥²ğŸ¥²",-1
PLS SEKOLAH OFFLINE MAY PERGI DUDNHZJS AEFER MY LOVE,1
ck besok sekolah offline,1
"ğŸ’™ mending masuk ptmt atau engga? sikon saat ini aku udh kurang lebih memahami materi sekolah jadi sebenernya ga perlu sekolah offline lagi, udh berani nanya pertanyaan juga jd udh ga sungkan2 lg",-1
"@mogcuu emang sepi moguuuu udh pada balik offline, sekolah kerja jg",0
kalian dh pada sekolah offline?,0
"@jaetheriel Iyaa, padahal semangatin aja udah cukup orang kan beda"" ya kesibukannya apalagi ini anak sekolah udah offline ada juga yg udah uts",1
"â· 26-10-2021
JAY TUSPI SCYLLA GEMES BANGET BANGET BANGET ğŸ˜­ Pulang sekolah offline paket trade dateng rasanya tuh ksjshshjsgsgs ğŸ˜­ğŸ’—ğŸ’•ğŸ’– https://t.co/UlifkBSyco",1
@tigerlilyJey Foto terakhir yang bikin orang stress ğŸ¥²ğŸ™ğŸ» tadi abis sekolah offline ğŸ˜‡ bissmilah ya allah ğŸ˜°ğŸ™ğŸ» sebelumnya makasih kak udh bikin GA ini sukses selalu ğŸ’œ https://t.co/aWHwLk9Jl5,-1
Sekilas info...... MULAI SENIN DEPAN W SEKOLAH OFFLINE ğŸ˜­ğŸ˜­ğŸ˜­ğŸ˜­,1
"Aku baru selesai daring, abis siapin bwt besok sekolah offline juga",1
@26Z1AX @convomf iya masi ada bau bau online banyak tugas yg makin anehâ€ mana nanti klau bener udah full offline sekolah ampe soreeeeeğŸ˜­,-1
"@onnowpurbo Internet offline sebagai solusi Pembelajaran jarak jauh di sekolah

https://t.co/Lx2m9l6653",1
"@bertanyarl Akhirnya masuk sma, punya temen baru, punya kegiatan baru, kebiasaan baru. AH JADI KANGEN SEKOLAH OFFLINE NORMAL KAN GUA ELAH",1
"ğŸ’­ pengen cepet cepet sekolah offline, jujur sekolah jadi satu satunya tempat kabur kalo lagi suntuk dirumah..",1
sekolah offline membuat q capek tapi klw gk offline jadi tambah bego tiada tarağŸ˜©,0
@dongsichceng sekolah offline membuatku capek trs tp kalo gak offline jadi tmbh begoğŸ˜©,0
sekolah offline tuh seseru itu walaupun cape,1
"yg vaksin mahasiswa, yang sekolah offline anak sd, komedi bener",-1
MAU SEKOLAH OFFLINE PLISSSS HUEE,1
"Semenjak covid gw jd kenal kpop dan gk ad overthinking2an, pling ad dikit sama idol klo jrng update gt2 doang. Dan gw jg pindah sekolah pas covid jd temen2 bru blom ad yg tau muka gw. Tp semenjak gw sekolah offline ad beberapa tmn cowo yg ya gt..",-1
"@jnxhwny jujur bener...
terus juga gw kalo sekolah offline no prob ga makan smpe rumah tapi kenapa skolah onlen gw laper mulu sksksk",1
"bayangin anjir gue dari tadi pagi kebelet berak, mana sekolah offline",0
"saking dekatnya smp dengan rumah, belnya biasa kedengaran apalagi waktu itu masih sekolah offline. sekarang, belnya kedengaran lagi. senangnyaa everythingâ€™s going normal",1
"@doyoungsvr haloo maaf ya skrg jrg jbjb, udh mulai sekolah offline huhu jd baru bisa jbjb moots pulang sekolahğŸ˜”",-1
"@sa_rhmsoo haloo maaf ya skrg jrg jbjb, udh mulai sekolah offline huhu jd baru bisa jbjb moots pulang sekolahğŸ˜”",-1
"@yochienori haloo maaf ya skrg jrg jbjb, udh mulai sekolah offline huhu jd baru bisa jbjb moots pulang sekolahğŸ˜”",-1
"@yraluvs haloo maaf ya skrg jrg jbjb, udh mulai sekolah offline huhu jd baru bisa jbjb moots pulang sekolahğŸ˜”",-1
"@jaexuchy haloo maaf ya skrg jrg jbjb, udh mulai sekolah offline huhu jd baru bisa jbjb moots pulang sekolahğŸ˜”",-1
"@araacupcakes haloo maaf ya skrg jrg jbjb, udh mulai sekolah offline huhu jd baru bisa jbjb moots pulang sekolahğŸ˜”",-1
kalian kalo sekolah offline bawa uang jajan brapa?,0
@yearmiese Masih sekolah offline?,1
"@ShopeeID pengen bgt buat beli laptop min, udah dari lama tapi belum kebeli
Butuh juga krn adekku akhirnya mulai sekolah offline, butuh laptop krn jurusannya

bismillahğŸ™",1
"hii, kalian lagi sekolah offline apa online",0
"Happy me
Ngantarin gempur sekolah offline ğŸ¥° https://t.co/xYvckz2dFo",1
"ini acc masih aktif yaa, jangan di unfoll :""
cuman aku jarang on karena aku udah sekolah offline",1
lu kalo zoom class matiin kamera ya masuk sekolah offline lgsg begini bentukannya https://t.co/Amb7JOhlGR,-1
"@bluehooun ayo mutualan priv kaa klo bolehh, aktif ga aktif si disini xnxknsks semenjak udah sekolah offline agak jarang buka akun ini huee",0
sp yang udahhh sekolah offline cung,1
@nrtama_ capee sama tugas sekolah online tp klo disuruh offline takut ketemu org baruğŸ˜­,0
"@user231103 @armbdr @pearcchlt @mineisel @whtsAppbby Mabal online?
Soalnya setahuku PTM sekolah offline to?",1
@FunthesticL Uda sekolah offline ??,1
@paslevotre_16 udah sekolah offline lau?,1
"semoga 2022 udah bisa sekolah offline kaya biasa yaa, capek bgt begini trsğŸ¥²",1
@Fajri_UN1TY lagi sekolah offline nih kak https://t.co/Fz8ZTA789O,1
"Kunci Jawaban Buku Tematik Tema 4 Kelas 3 SD Kewajiban dan Hakku di Rumah Halaman 14, 15, 16 dan 17: Meski sudah banyak sekolah yang memulai sekolah offline, namun sebagian besar proses belajar dari rumah masih dilakukan. https://t.co/0HiAyGcbsr",1
"Jujur anjir, gue ga nyangka bisa lancar ngomong di depan kelas
Udah 2 tahun ga sekolah offline gt kan padahal, tapi tiba-tiba berani",1
@Fajri_UN1TY Lagi mau sekolah offline,1
"haii tabi sudah pulangg sekolah offline , kamu offline atau online ?",0
"@A_LuluJKT48 Demi kamu aku sr sambil sekolah, mana sekolah offline",-1
"@itzelguise @armbdr Mjb, pelajaran tatap muka. Sekolah offline",1
"Halo guys selamat siang,pada sekolah offline atau daring nihh",0
@skrsbrees Loh masih daring?? Kukira udah sekolah offline,1
Svt konser online apa offline? Kaget bgt baru pulang sekolah ğŸ˜¢,0
Yang sekolah offline biasanta pulang jam berapaa?ğŸ¤”,1
"@schfess gpp kali beb, lu bisa sekolah offline aja udah sukur ğŸ˜­ kangen tau daripada online dirumah sampe lulus",1
@ournutrijijel Gue udah sekolah offline,1
"@Fajri_UN1TY nugas nii,ak lgi sekolah offline",1
"@Fajri_UN1TY lagi sekolah offline ji, ngantuk bangun tidur",-1
gasabar merasakan moment pulang sekolah pas sekolah offline,1
Gasuka sekolah offline tapi cape sekolah online,-1
"Giliran sekolah nya offline malah ga dibolehin sekolah, hadu.",1
aaaa aku gak siap buat sekolah offline back normal,-1
Kalian hari ini sekolah nya offline/online?,0
"@alrighvt seruu xixi, sekolah nya offline atau online nii? jangan lupa makan yaa, hv a nice day!",1
Pagii semua untuk yang sekolah offline semangat semuanya sch! https://t.co/1YIyyrkC9k,1
Banyak yg udah offline ya sekolah/kuliahnya,1
baru aja tadi bilang kangen sekolah offline wkwkwk https://t.co/SHsuaS2aE8,1
@taedyflowery Ka mi Udah luluss sekolah? Atau blum offline?,0
"aaa ko gada yg bilangin ak hpbd, lagi sekolah offline ğŸ˜­ğŸ˜­ğŸ˜­ https://t.co/h6tmTxQk2S",1
"besok sekolah offline, malam ini gw sibuk ngerjain semua tugas",-1
sekolah offline bikin bete,-1
"mau izin rest deh, ku mulai aktif sekolah offline. yang daring pun penuh tugas ğŸ˜”",0
"@Fajri_UN1TY Haii aji,, lagi apa ni?
Aku lagi sekolah offline https://t.co/crYc4aVy1S",1
"@nctzenbase streamingnya liat waktu juga dimana waktu kalian luang, soalnya sekarang udah banyak yang sekolah offline looo ada yg kuliah jg, apalagi ini weekday kan ya, tp kalo kalian senggang yuk streamingğŸ¤©ğŸ¤©ğŸ¤©",0
"@alyaavrd morning, lagi sekolah offline ya bestie. â˜ºï¸",1
@oh4eva Sekolah offline njir aku hari ini,-1
"@yeolbabylion SEMANGAT NA ğŸ˜­ sekolah offline sih seru, yang ga seru tuh ntar gue ujian offline ğŸ˜­ğŸ˜­ğŸ˜­ğŸ˜­",1
"@Fajri_UN1TY Pagi ajii, absen sekolah offline duluğŸ‘‹ğŸ» https://t.co/M6vw6Di1PV",1
"yes offline school is cool, BUT NOT WITH UJIAN OFFLINE DI SEKOLAH",1
@jaemcityx haiii makjii dr aku yg sekolah offline hjhi,1
"@kimiychang @nctzenbase Karna sticker keluarnya hari jumat, orang2 udah punya banyak waktu luang, besoknya juga weekend. Kl favorite ini karna keluarnya hari senin, udah pada banyak yg sekolah, kuliah, kerja offline. Make sense juga sih ga secepet sticker",0
kalian yg sekolah offline apa online?,0
"@cherrybomn @nctzenbase Lah elu yang knp. Gua kan cuma bilang kalo udah pada sekolah offline si sender kalimat pertama aja 4m udah cukup? Udah puas? No! Big no! Kudu ngertiin keadaan juga dong di korea juga lagi pada ujian di indo pada sekolah offline jadi gabisa rajin streaming kaya sebelum""nya",-1
Senin deoann udah sekolah offline yeyyy ğŸ˜­ğŸ™ğŸ»ğŸ”ª,1
kenapa sekolah offline tugasnya banyak bat,-1
@basejokitugas adikku lagi sekolah offline nihğŸ¤—,1
Kerja offline tapi lebih suka sekolah plis wwkwk https://t.co/V9YPJJ8zMF,1
Sekolah offline ya?,1
@hizeusss Rilisnya hari senin dan akhir bulan :'). Masa masanya orang gawe sama sekolah dan kampus sekarang dah offline juga :'),1
sekolah offline prnya makin banyak anj,-1
"@luffbearr semangat sekolah offline nya melll, mapel apa tuh yg free?",1
GW LG SEKOLAH OFFLINE ANJING MASA IYAAA GUE TERIAK KAYA ORANG GILA DI KELASS DASARR DEJUNNN,-1
@basejokitugas sinii nanti jam 12 aku sekolah offline,1
AAAA GUE ADA SEKOLAH OFFLINE PELAJARANNYA MTKKK MANA GURUNYA GALAK LAGI,-1
"@convomfs Coba berangkat deh nder, buat latihan kalo udah  sekolah offline nanti kan berangkat tiap hari",1
@convomfs ya kalo udah tau dr awal sekolahnya jauh kenapa pilih disitu? kan udah seharusnya take responsibilities sebagai seorang siswa. kalo dari awal offline juga lo bakal ke sekolah tiap hari,0
sekolah offline/online??,0
"SchApp! Yang sekolah offline, semangat ya!

âœ„ãƒ»ãƒ»ãƒ»
ğŸ§ Trivia: Katak padang pasir hanya keluar selama satu bulan di bulan Juli, dan tidur selama 11 bulan sisanya",1
"hai, hari ini yang sekolah, sekolah nya offline apa online ni?",0
"Pagi moots, yang sekolah offline semangat ya",1
"@zwooflwr Ga pernah tidur nyenyak selama bulan Oktober ğŸ˜­ sekolah masih online, tapi 2 minggu sekali offline. Okk u too!! Have a nice day too ğŸ¤©",1
"Kalian sekolah nya offline/online?
Me: offline https://t.co/hhNLrb025W",0
"hi aku hari ini sekolah offline
kalian offline/online?",0
"Neozen, maaf gak bermaksud menyinggung siapapun. Kalo kalian mau ngingetin streaming gak papa bgt tapi harus baik2 juga jangan maksa apalagi dg kata2 yg kurang baik, inget sebagian drikita ada yg masih sekolah/kerja dan banyk yg mulai offline. Streaming sesempatnya aja  (cont..)",-1
@msahrio sekolah offline atau online nih??,0
"Pagii moots, pada sekolah online atau offline?",0
"@lunaemovas Kita satu kaum, akhirnya ada orang yg gak suka kembali sekolah offline  ğŸ˜†",-1
akhirnya yang lain ngerasain capeknya sekolah offline,-1
"DULU PAS JAMAN MASIH SEKOLAH OFFLINEğŸ˜­ğŸ˜­ğŸ˜­ pasti aja begini
""yang kalah gantian ya""
""PAKE LAGU YANG SUSAH KEK""
""yang dapet bintang di level hard, nanti aku traktir seblak ws""
""lagu aju nice woiii""
""AAAA APAAN HDUSISHDOSHWIWJWBS"" /kalau kalah https://t.co/qWFgJySwhO",1
sekolah offline https://t.co/Jxgd0T5whw,0
@encity_mlyt offline ini lagi di sekolah,1
@bertanyarl suka sekolah/kerja online/offline??,1
"ini adek-adek w sekolah dpt uang jajan, w di rumah doang ga dpt uang jajan, huaaa kpn kuliah offline",1
pengen sekolah offline tpi gk mau belajarğŸ˜”â˜ï¸,1
"Udah effort bgt ni sekolah offline biar pelajaran, malah jamkosğŸ˜‡",1
"waktu, bisa lebih maksimal belajarnya. mana gaboleh bawa bekal makanan, sedangkan sekolah jam 6.30 udah bel masuk. bingung gak lu sepagian gak makan, loyo. apalagi ye, oiya offline kan setengah doang, sisanya tetep d rumah, itu belajarnya makin gak maksimal. yang di rumah kadang-",-1
"gue tim kontra offline sih. semenjak bapak gue meninggal kan mama gue harus kerja, jadi ga ada yang bisa anter jemput gue ke sekolah. sedangkan ongkos ke sekolah tuh 14k. 14k pulang balik 28k, uang jajan gue aje 25k doang. sekarang malah bingung uang jajan, gak ada yang ngasih.",-1
"@DEARJAEMARK Iyaa padahal ini pas chorusnya easy listening bikin nagih, aku aja ngajak streaming ke temen yg non K-popers katanya lagunya enak ğŸ˜­
Apa mungkin krn rilisnya di hariÂ² weekday ya, terus udah mulai sekolah offline juga, jadi pada gk banyak waktu luang buat streaming ğŸ˜¥",0
"@storyuntitledd yeay bagus! udahh, kebetulan sekolah offline aja ini 
btw, have a great day kak tii, semangat yaa buat hari ini! ğŸ¥°ğŸ’ªğŸ’ª",1
"sch! gimana cara nolak orang kelas minta contek tugas pas sekolah offline:(. Hadeh, kan gamungkin bilang belum, nantikn ketahuan:(",0
semoga sekolah offline gue lancar https://t.co/cGvfk4640b,1
@bertanyarl sekolah offline,1
sekolah offlineğŸ„ğŸ„,1
"@ell_amethyst imel udah mulai sekolah offline kakğŸ˜­
astagaaa kirain imel ituğŸ˜­",-1
"@Lionbby_ pgnnya si gt, tp gue sekolah offline ğŸ˜­",-1
"Ya Allah, sy bosen sekolah offline terus",-1
gamau sekolah offlineğŸ˜­,-1
"@szunarintarou Morning lang, hari ini kesibukannya apa? Sekolah? Kuliah? Online offline?",0
"@kkajenn Morning, kesibukannya apa hari ini? Kuliah? Sekolah? Offline online?",0
@nctzenbase Inget udah banyak yang sekolah offline,1
sekolah offline is sucks,-1
Adekku udah mulai masuk sekolah offline ğŸ‘ğŸ»ğŸ‘ğŸ»,1
"Ngantuk bgt sekolah offline pagi"" td malem bru selese nugas jam 2ğŸ™‚",-1
"sekolah offline tu enak, kalau punya temen :)",1
dulu kok gue bisa ya survive sekolah offline selama seminggu terus smpe sore lagi awokawok. sekarang kyk seminggu 3 kali aja rasanya capek bngt dah,-1
"@lmkhccvr uda sekolah offline, tapi hari ini jadwal online",0
Sekolah offline tiap hari rasanya capek bgt,-1
Adakah yang sekolah offline hari ini?,0
Tentu saja saya sekolah offline lagi,1
akhirnya sekolah offline https://t.co/NncbUMnM33,1
"tanyarl
balik ke kos sekarang yay/nay
belum sekolah offline siğŸ¥²",0
"@S_AshelJKT48 udahh,mau sekolah offline ka wkwk,have a nice day",1
@oshxjung sekolah w knp gada yg kena ya... keren juga... OFFLINE AGAKNYA MAYAN NYIKSA ANJIR,-1
sekolah offline?,0
"sekolah offline gaenk klo di sesi, ga adil sm yg online soalny nnt takutnya klo materine nggak diulang lg waktu gnti sesi tp malah lanjut materi",-1
@ishyuckandk harusnya sih lagi offline tapi di sekolah ku lagi ada acara jadi hari ini online,0
@jkkily Oalah kamu sekolah offline. Semangat ğŸ¥°,1
sekolah offlineğŸ˜¿,1
Sch! Struggle ulangan pake kertas lembaran pas sekolah offline ğŸ˜” https://t.co/ynVrjsNBcx,-1
Hadeh dah sekolah offline aja,-1
@emulsyen Pagi ijaaa! Semangat kamu jugak! Sekolah offline apa masih online ja?,0
"@convomf engga kadang abis subuh tidur lagi, soalnya papah kerja biasanya mulai jam 8/9an apa lagi pas aku sekolah offline ydh deh gada yg jam 6 udah bangunğŸ™‚ğŸ™‡â€â™€ï¸",-1
"Gak lgi gue mandi jam sgitu klo gk sekolah offline, DINGIN NJRR",0
"pagii semuaa, have a nice dayâ™¡ semangat buat yang sekolah offline",1
"hadeh, hari ini sekolah offlineğŸ˜­",-1
"@convomf kalo kamu udah sekolah offline, jualan roti/donat aja pagi2. temenku dulu jualan itu laku sih soalnya pada beli buat sarapan biasanya.",0
"@Yxwidy Morninggg, sekolah offline ni",1
@convomf eh nderr tp ini buat sekolah offline doang yaa ğŸ˜ğŸ˜,0
@convomf Pengennya gitu tapi aku sekolah offline :v,1
Gimana biar gue ada semangat sekolah offline,1
"@fairytales__17 Wih kecee, hari ini sekolah nya online apaa offline?",0
"@convomf Enak kok offline, cuman karena udah terlalu lama online, capeknya offline jadi kerasa banget. Capek fisik ya bukan pikiran, kayak bolak-balik nya, belum lagi pagi-pagi udah harus siap ke sekolah tuh kerasa banget nguras tenaga.",-1
"Lemes banget, gak ada mood buat ngapa-ngapain. Gak mau sekolah offline juga nanti pagi. Buat apa gitu",-1
"@schfess Dari awal juga gak pernah pengen offline class, makanya suka ngerasa aneh kalau ada yang ngebet banget pengen sekolah offline",-1
"Sch! No salty ya, awalnya aku seneng sekolah offline, seneng banget, tapi ternyata disekolahan juga cuma dikasih tugas aja, gak dijelasin materi + memperdalam materi, dan selalu bilang ""nanti materinya dibaca sendiri ya""ğŸ¥²",-1
"Langit, bisakah kau turunkan meteor ke sekolahku? Aku tidak ingin sekolah offline",-1
"â€¢PROGRESSâ€¢
1. today aku abis sekolah offline mat peminatan dan mat wajib
2. lanjut sekolah daring sampe jam dua siang
3. tobk gratisan dari salah satu bimbel deket sekolah
4. disambung les
5. dan belajar uh fisika buat besok

*kinda tired but it's ok https://t.co/rUJo4G4rNK",0
males besok sekolah offline..,-1
"besok sekolah offline tp gua blm ngantuk help, mana pagi sekolahnya",0
"Bedanya yang bikin lebih berat saat ini, siswanya jadi kudu belajar dewe.

Kalo dari segi tugas, gue liat liat gaada bedanya sama gue sekolah offline dulu.

Adek gue aja sampe mendeklarasikan ""gue ga akan mau masuk sekolah SMA di sekolah lu.""",-1
"Yak silahkan hujat tapi beneran gue ngerasa gitu. I mean, dulu gue sekolah pas offline aja tekanannya sebesar itu.",-1
"@bertanyarl dibebanin ke PR. Apa-apa Pr, pr, pr, dan deadlinenya tuh gak seminggu kayak pr kalau offline. Bisa cuma sehari, dua hari dlnya. Semua mata pelajaran ada PR. Aku nemenin adikku yg sekolah offline aja ngerasain capek, apa lagi anakÂ² seumuran dia pasti ngerasanya capek banget",-1
"@bertanyarl Hmm gimana ya aku ngejelasinnya... 

Kalau kita sekolah biasa kayak offline gitu kan latihan ya latihan aja gitu kerjain pas mata pelajarannya berlangsung. Pulang juga paling bawa beberapa PR, dan aku yakin ga semua mata pelajaran ada PR. Tapi sejak sfh tuh, tugasnya jadi-c",0
beeeeesok gue sekolah offline for the first time setelah sekian lama AOWKWKW,1
"@convomf gue ngeri di praktikumnya sih. gatau kenapa kaya belum siap aja gitu. mungkin karna efek kelamaan online, ya ? ada yang ngerasa gini juga engga si ? jangan - jangan cuma gue doang yang ga ada rasa excited mau sekolah offline Ï€____Ï€",-1
"@armyfess_ Sksd aja my gapapaa, lumayan kan ada temen ngobrol di kelas kalo udah sekolah offlineğŸ‘",1
@convomfs kalian udah sekolah offline belum,0
@quarrenity IYAAA. Ambil shift malem mumpung besok sekolah offline ehehheeh,1
semenjak sekolah offline jadi jarang buka studytwt ğŸ¥²,-1
Kapan sekolah offline sieğŸ˜­ğŸ˜­,1
"@convomf Ga relate di gw si, soalnya gw lebih ngerti pelajaran yg di sampaikan sama gurunya lewat offline. Walaupun di sekolah mh kgk ada temen yodeh lh ya, yang penting pelajaran nya masuk ke otak. Kalo online mh mana gw bangunnya kesiangan, ngantuk mulu lagi",1
"Dah ah pen bobok anj
Bsok ku kudu bangun pagi n sekolah offline lgie smsksksdmcndj heuhhh https://t.co/KI0SdAHXXW",-1
"@oojixsz kak nath kangen huee,aku sekarang udah sekolah offline,dari jam 07:00-16:30 setiap hari jadi udah jarang megang hp gituâ€¦padahal kangen buat jbjb TT
kak nath apa kabar?",0
"Gue besok sekolah offline,tp males tidur njir ğŸ˜­ğŸ˜­ğŸ˜­",-1
@gabyJKT48 Jam berapa nih ? Takutnya besok gak bisa liat karna sekolah offline,0
"Bioskop udah buka, sekolah udah mulai offline, gym buka semua. Kenapa cuma shake n shape yg ga buka2 lagi ğŸ˜­ butuh olahraga bgd",1
"lawak bgt sekolah gue, kalo HUT sekolah diadakan secara offline sedangkan maulid nabi diadakan online cuih ternyata lebih penting hut dari pada agama:)",0
"@BaskaraRaditya_ anyway bar, tips biar cepet ngantuk dong besok gue harus sekolah offline ğŸ˜”",-1
"besok sekolah offline tapi masih belum ngantuk, malas tidur ğŸ˜ğŸ˜",-1
"gw punya sekolah lucu banget najis. KP3 offline wajib ikut, ptmt berjalan, sahabat belajar berjalan, tapi giliran kena teguran lgsg ketar ketir, awikwok https://t.co/9Ffar2SHFn",-1
yg nggak gue suka pas sekolah offline ini tu...dari jam 7 sampe 10 murid cmn boleh duduk doang ga boleh bawa minum/makan gaada istirahat sumpah apa gk pegel mana kursinya kayu lg,-1
besok harus sekolah offline,1
"moots, cara biar cepet ngantuk dan tdr gmn? bsk harus sekolah offline soalnya huhu",-1
"@jakegolddz aku udah sekolah offline ğŸ˜­ waktu buat istirahat aja sering kurang huhuu. hype enha sama bangtan udah susah dbjsjsmaka

I MISS YOU TOOğŸ˜­ğŸ˜­",-1
"@chshiitravis pretty good! agak cape karena td sekolah offline but still fun, anw thank uuu nay ğŸ˜† jgn begadang jg kalo ngantuk buruan tidur okaayy",1
"teruuussss ya anjir jeki taiiiiii KSEL AH. TERUS JG TEMEN KELAS GAJELASSS ULER BGT DIH. lawak banget, masa ngaduin apa yang ada di gc ke guru wkwk. padahal biasanya juga elu pada misuh misuh. terus ya.. besok sekolah offline. dah nangis aja",-1
Wedeh bsk hari pertama sekolah offline,1
besok kalian sekolah online atau offline??,0
"bangun pagi pagi di hari senin, harus sekolah offline",1
Mengcapek besok sekolah offline harus bangun pagiÂ² jgn begadang ğŸ˜©ğŸ¤¯,-1
"@Ioveoid itu hal yg dilakuin setiap hari, btw lo msh sekolah online atau udah offline",0
"deluan yaa, besok sekolah offlineğŸ˜Œ gnite!! sleep well mootsğŸŒ›ğŸ’›",1
"Tidurr, bsok sekolah offline https://t.co/VdIp9BGuFM",1
"@convomf sama nder aku juga besok kudu offline tapi lagi ada yang bikin ga enak :(( gapapa yuk sekolah aja, belajar kan hak kamu :(( semangatt! ğŸ«‚",1
"@convomf Sekolah offline gapapa, asalkan kalo mtk, ekonomi dirumah aja boleh ga sihğŸ˜­ğŸ˜­ğŸ˜­",1
Makin gw pikir pikir masa sekolah online udah nyaman banget kalo offline ga tau kenapa gw kyk males banget,-1
"@summeryish YEEESS satu bulan ini aku udah sekolah offline, kak summy!! SENENG BANGETTT BANGET! SETELAH NUNGGU SATU TAHUN akhirnya bisa ketemu T____T iâ€™m even happier now to hear that!! ğŸ¥º KAK SUMMY SHOULD ALWAYS BE HAPPY &lt;3",1
"kalian lebih suka sekolah offline apa online?
plis tugas gue gk offline gk online sama aja bejibun",0
sudah siap sekolah offline go ğŸ˜‡,1
BESOK AKU SEKOLAH OFFLINE YEAYYY,1
"fyi, gue sekolah offline tapi tugasnya di kumpul di google classroom",1
"cape banget tugas gue numpuk. baru hari pertama di minggi kedua sekolah offline, udah numpuk aja. kadang guru tuh mikir gasi kalau anak murid itu masih ada mapel lain? iya si ngejar materi, tapi cape banget harus begadang cuma gara gara tugas ğŸ˜¢",-1
"@BLACKPINKMARKET Kan sekolah, kuliah, uda pada offline. Jadi mereka ngurangin buat jajan. Kecuali kalo kemarin covid nganggur jadi pelampiasan ke beli merch &amp; pc gitu",0
"Jalanan, Mall, Bioskop, Bandara, tempat wisata dah mulai buka, anak2 mulai sekolah offline. Para pedagangpun mulai tersenyum, pasien covidpun mulai hilang di RS, semoga jadi pertanda kearah kebaikan, tetap taat Prokes supaya tdk terjadi gelombang ketiga. https://t.co/S1yTTHltp3",1
"Maaf moots aku jrng jbjb, akhir2 ini lg overthinking semenjak sekolah offline â˜ºğŸ™ğŸ»",-1
"beberapa hari kedepan srl dulu yya, soalnya lagi sekolah offline. tugas juga numpuk ğŸ˜­ğŸ‘ğŸ»",-1
@convomf KENAPA WEYYY JURUSANKU BLM BOLEH SEKOLAH OFFLINE,1
"@rahmadiheru88 @kompascom @alh_koentjoro Yang terbaik untuk bangsa ya, Bro. Anak-anak sudah mulai sekolah offline, lihat Jogja kemarin sampai macet, penuh mobil luar kota, ada rasa khawatir.",1
kenapa ya sekolah offline lebih kerasa capeknya? tapi seru sihhh,1
@lunal0veg00d1 Senin ini my first sekolah offline after 2thn ga ke sekolahğŸ¤Œ,1
"i mean, sekolah offline- sekolah biasa sih, emang tiap Senin - Jum'at",1
"@bertanyarl suatu saat nnti yg sklh pake kerudung akan merasakan

Sekolah online                         sekolah offline https://t.co/u5KMjtTCNm",0
besok aku sekolah offline ğŸš¶ğŸ»â€â™€ï¸,1
"apakh aku hrus menangis, bsk vaksin padahal sekolah offline, trs ada pelajaran kimia &amp; visual arts AKU MAU IKUT PELAJARAN ã…  ã… ",1
â˜ï¸ yang udah sekolah offline spill dong uang saku kalian berapağŸ˜¬,1
"@convomf gue fine fine aja kalo offline, CUMAN YA KALO EKSTRAKULIKULER OFF IN AJA GITU LOH ANJIR, GUE MAU FOKUS SAMA MAPEL, kek ada aja hambatan ğŸ˜ semoga aja ekstra kulikuler nya di hentiin sampe gue lulus di sekolah itu wkwkwkwk",-1
"Bukan gimana ya kalok catetan karena sekolah online its okay lah masih bisa kalok ini kan udah offline kek dia juga udah nyatet kan nanti gua yg nyatet susah"" dia tinggal nyalin santai",0
"@convomf Awal 2020 dan akhir 2021. Karena itu gw sekolah offline, gw pilih dua duanya",1
"@slrvrqueen Iy..
Sekolah di rumah..
Kalo guru w ada di kota yang sama dngn w..
Guru dtng ke rumah... Kek sklh offline
Kalo w lagi di luar kota.. Materi and soal latihan dikirim lewat e-mail deh..
Dan itu sdh berlangsung selama 4 tahun terakhir..",1
@minewithmine MAU KAK BUAT JAJAN SUNSCREEN BUAT SEKOLAH OFFLINE,1
"first day sistem penggiliran untuk kumpulan pelajar B: 

Ada budak kumpulan A yang masih datang sekolah walaupun dah pesan minggu lepas. 

Cikgu? Ulang balik from A-Z apa yang ajar kat A last week sebab PdPR offline module tak berkesan tanpa ada penerangan yg jelas dri guru.",-1
jahat bgt mrk ngerencanain liburan di depan gue yg minggu ini full sekolah offline ğŸ˜€,0
"GW BARU KLS 9 TUGAS UDH GA NGOTAK HAHAHA APALAGI KULIAH MAMPUS GW,,,,,, APA JANGAN"" KARENA GW TOLIL TUGAS 5 DOANG DI BILANG BANYAK? ,,,,, LEBIH DARI 5 BTW BUKAN CUMA 5 ,,, KARENA GW UDAH SEKOLAH OFFLINE KUIS &amp; ULANGAN UDH JADI TUGAS GW JGA HAHAHAHAHAH CAPEK SAYA PAK BUK WKWKWK",-1
"Gapapa deh gua sekolah offline trs asal ga satu kelas masuk, udh srek bgt gua sama sesi ini",1
@gwgjbgt Asikk dong sekolah offline,1
@convomfs sekolah mu masih daring apa udah offline?,0
@convomf Lebih suka sekolah offline apa online?,0
@petterhanniee semoga cepet sembuh ya biar bisa sekolah offline!! aku lagi mikirin uts soalnya disuruh bikin video terus ğŸ¤•,1
hmm eh ya tapi sekolah offline juga aku gakenal temen sekelas sih. km kenal gak? @aheuheuu,0
"@rosyceae Demi tadi soalnya juga gw kek gini tadi pagi, mana sekolah offline, terus gurunya juga ngawas di belakang gw kek deg-degan banget ğŸ˜­",-1
@givenchyholland Ah soal sekolah offline sm online btw,0
"Selama ini berangkat gelap pulang gelap, sampe gak tau kalo sekolah udah offline ya? WKWKWK",0
@DGXIOR tadi revan keluar ya? sekolah kamu offline/online dek?,0
"gakkk sengaja kepencet kata tengah!!!ğŸ˜­

itu tmen lagi blg ""besok takut sekolah offline"" https://t.co/5yhtEAU1wq",-1
Jujur kangen sekolah offline sih,1
"Aku jahat ya? :( iya,pasti jahat banget :(

Kalo gini mending sekolahnya dirumah aja,males ketemu ""temen temen sekelas"". Tapi aku pengen sekolah offline juga :(

Duhhhhhh,aku bakal coba berdamai sama hati deh. Mungkin butuh waktu yang lamağŸ˜­ğŸ˜­tapi ayo cha,kendaliin diri sendiriğŸ§",-1
aku dah sekolah offline walaupun sehari masuk ny udh seneng ğŸ˜­ğŸ˜­,1
"@bertanyarl -1 ğŸ˜ ğŸ˜© hari ini hari pertama sekolah offline. Pas berangkat hujan, pulangnya motor mogok sampe harus jalan kaki di siang bolong+pake pantofel.",1
@convomf Sekolah online/offline?,0
"@thinkingabtwkh akuu gak pensi kook, cuma ngurangin koleksi, karena habis gini sekolah offline jdi takut gadirawat pcku ğŸ˜¥",-1
"kayaknya bakal rest hunter dulu, mau sekolah offlineğŸ’ƒ",1
"mending offline deh kalau sekolah, online mumet banget gue.",1
"@schfess Aku udh mulai sekolah offline jugaa tpi di sesi, sesi 1 pagi sampe siang, sesi 2 siang sama sore",1
"beginilah jadinya dari kelas 10 sampe sekarang kelas 11, engga sekolah offline.

parkiran aja engga tau di manağŸ¤£ https://t.co/pSQ2ipnJyh",1
@convomf Sekolah online ngeluh sekolah offline ngeluh,0
"Offline school bikin capek luar dalam njir, fisik gw capek banget karena sekolah jauh, di kelas jg kurang maksimal rasanya https://t.co/bOULwhmtfA",-1
Kalo lg proses move on gini pengennya sekolah offline full day bercanda sm temen2 trs jd cepet bgttt lupain rasa sakitnya:((,1
"gua sekolah offline : 
belajar â
pedicure and manicure âœ…
 gua kesekolah numpang bersihin kuku lumayan gratis â˜ºï¸ğŸ¤£",1
"@convomfs Sering banget ğŸ¤§ apalagi pas SMA waktu itu sekolah offline, nh jalan pulang itu lewat tempat tongkrongan (warung tp sering dijadikan tempat tongkrongan anak sekolahan, khusus dr sekolah kami) untungnya sih pake motor aku",1
"@tacendaqloo Gapapaa nanti aku yang mulung!! Semangat sekolah, seru banget uda offline ğŸ˜–",1
"@Sas_Frio @convomf Kalo alasan kamu begitu memang bisa diterima sih dan mungkin beberapa orang bisa nyari temen kaya kamu gitu. Tapi coba dari sudut pandang lain, mungkin ada yg ditempat kuliah/sekolah kena pembullyan atau apapun itu yg merugikan jadi mereka senang online daripada offline.",-1
"@jinmasganteng_ @convomf Kalo dari sisi aku, aku try hard buat membaur pas di kuliahan. Ya coba aja nyari temen yg satu minat sm org2 kek gt. Atau ga, biasanya bantu temen kalo kesusahan tugas, ntar bs tau mana temen mana bukan
Jgn djadiin alesan gamau sekolah offline gr2 susah cari temen sih imo",0
pengen cepet sekolah offlineğŸ˜­ğŸ˜­,1
"pas sekolah online: ""buruan kek sekolah tatap muka (offline)""

pas sekolah offline: ""gpp balik lagi sekolah online aja gpp yakin:)""",0
gue pas sekolah offline nanti https://t.co/g7vALYj7xf,1
"@ka2inaa Iyaa karr mingdep balik nih gue, kalau sekalian sekolah offline berarti udh gue di jkt sampe libur akhir tahun",0
"Dulu ya pas masih sekolah offline aku biasanya hafal sama jadwal pelajaran hari ini hari itu, tapi sekarang gak hapal sama sekaliğŸ˜‘",1
percuma sekolah udh balik offline klo ttp ga diksi duit jajan ğŸ˜,-1
sch! akhirnya offline lagi... terakhir offline di sekolah ini pas kelas 8 dan sekarang udah kelas 10 ğŸ™‚ (sender SMP dan SMA di gedung yang sama) tapi ini sender kecepatan jadi masih sendiri di kelas ğŸ˜ğŸ’” https://t.co/PAUlbqnGdf,1
"@CUTIEINNIEEE Sama samaa.. Sekolah offline emg bikin capek. Aku ngerasain wkwk apalagi kl udah sorenya tambah lesÂ²

Semoga bisa cpt beradaptasi dg baik ğŸ‘

Eh tp dulu aku betah bgt di sekolah sampe sore bgt jam 4-5 sore baru pulang ğŸ˜‚",-1
"Yg masih sekolah/kerja via online mah enak, kalo begadang, bangunnya kesiangan gak perlu khawatir. Lah yg berangkat kerja/sekolah offline itu yg gedandapan puyeng",-1
"@collegemenfess 880k uang jajan + uang bensin, kadang suka ditambah 100-250k sama kakek kalo lagi main ke rumahnya. tapi ini pas jaman SMA offline sih. buat kos sama keperluan sekolah kayak fotokopi ntar dikasih sendiri",0
"@beachbbun widih mantap, btw kamu dom mana kok cepet udah sekolah offline dari pagi sampe sore?",1
@beachbbun udah sekolah offline dari pagi sampe sore kah?,0
"@chocowonxny Baikk, ini sekolah udah mulai offline n TUGASNYA BANYAK BGTğŸ¥²ğŸ¥² jadi lumayan jarang on twt:"". Hbu?",-1
@hooniest_ sekolah udah offline n TUGAS BANYAK BGT HSSJğŸ˜©ğŸ˜©,-1
"syg! Gaada bersyukurnya ini org2, giliran online pada pengennya offline. Skrg dah ada sekolah offline malah pengennya online lg. Maunya pada gimana sih, ga konsisten. Kalo gini caranya, lu semua mending gausah sekolah deh",0
tadi udah mulai sekolah offline,1
"say! Gaada bersyukurnya ini org2, giliran online pada pengennya offline. Skrg dah ada sekolah offline malah pengennya online lg. Mending lu ga usah sekolah deh, aku kesel sm lu semua",0
"Alhamdulillah jalan 2 bulan ini udah mulai sekolah offline. Mulai dikasih sangu sama ortu. Jatah 5k sehari. Nabung Alhamdulillah jalan tapi bukan cuma untuk album SN. Mulai kekumpul byk, aku ambil buat beli jilbab dll. Sampe sekarang cuma kekumpul 150k.",1
HARI JUMAT SEKOLAH OFFLINE https://t.co/323i0RuOD2,1
"i mean like
skip kelas 9 trus masuk sma + sekolah offline",1
"@04JYKEGF Baikk, cuma lagi sibuk aj ngurus sekolah INI UDAH MULAI OFFLINE N TUGAS SGT BEJIBUNğŸ˜­",-1
Demi apapun pengen sekolah offline,1
"udah sekolah offline, jadi susah buat on disini.. im sowrrryyyy",0
@KN1308J heloo nai? tadi sekolah? daring atau udah masuk offline? btw jan lupa mam yaa ğŸ¥°,0
"SchApp! Di sini yang sudah sekolah offline, menurut kalian tugasnya tambah banyak atau nggk

âœ„ãƒ»ãƒ»ãƒ»
ğŸ§ Trivia: Ombrometer adalah alat pengukur curah hujan",0
"@JapanMerchFess pas offline gini cuma dikasih ongkos pulang doang sih, krn kantin sekolah jg gak buka wkwk.",0
"@convomf cug, gaada rasa bersukurnya emg manusia. dulu dikasih libur 2 tahun, ngeluh pengen ngerasain hidup normal, sekolah offline. sekarang udh mulai hidup normal, sekolah mulai offline, eh malah minta di online kan lagi. emg",0
@convomf Capek gak sekolah offline?,-1
@convomf sekolah online/offline?,0
"@collegemenfess Itu nder, pak Nadiem pusing masalah sekolah online salah sekolah offline salah, jadi beliau merasa pusing",0
Pdhl sekolah offline cuma ampe jam 11 tp knp cape bgt yağŸ˜­,-1
"setidaknya seninku tidak terlalu buruk karena sekolah offline, makasi yh buat seisi x ipa 3 termasuk yang gk ngobrol sama sy dan cuma liat liatanğŸ™ğŸ»",1
@jenowley gw mingdep offline tks gmn kalo jam sekolah trs gw di sela-sela belajar â€œbu izin ngangkat vc liaâ€,1
"dulu pengenn bgt sekolah offline, pas denger kabar bakal belajar offline yaa seneng dongg, tp skrg pas offline malah pgn online lg, soalnya suasana nya kok freak gt yhğŸ™‚ğŸ™‚ğŸ™‚",-1
"@Fleaurde_bleau sekolah offline, hbu?",0
"@JapanMerchFess iya diksih semenjak msuk sma, trus jg kan skrg udh sekolah offline",1
"@jaemcityx Bismillah bisa di gedor makji juga hehe, lagi ngumpulin duit nih makji buat bayar utang mamağŸ˜ sama lagi nungguin kalo ada rejeki tambahan mau beli novel dan peralatan sekolah adek yg udh offline",1
@lovelyshi__ Jangankan kantin sekolah:) sekolah offline aja belum dibuka,0
"â€“ today's mail!
kali ini today's mail nya bukan pc tapi hand sanitizer renjun buat sekolah offline anjayğŸ˜ğŸ˜lucu banget pas datengnya+safe packing and another yupi for freebiesğŸ¤—ğŸ¤— https://t.co/dMPLgCHkYB",0
@tinfrtn sekolah offline tp terbatas,1
@chanwonseong Sibuk diriku chil sekarang udh banyak sekolah offline jadi harus visit ke sekolah langsung..tetep on kok cuma ya kadang malam hehehe,1
@jaemcityx iya mak mana sekolah offline ğŸ˜­,-1
"Pengen sekolah offline yg full gitu deh 
T^T",1
"@dewapuci @PAClearning Kantor + sekolah ud mulai msk offline, pusiang Bu.
Semoga gak kejadian",-1
"@convomf Bersyukur, itu yang bilang mau online aja egois kalian, gua malah bersyukur bgt dengan adanya offline lagi walaupun 2 pekan sekali, adek gua sekarang paham berkalian dikit-dikit, tolong lah ngertiin yang lain, kan ada juga tuh di sekolah di kasih surat ketidaksiapan offline...",1
"@dewapuci Waduh, adekku dah masuk sekolah offline",-1
Sekolah deket rumahku udah offline dan aku baru tau karena terlalu lama bersembunyi di dalam rumah (:,1
@lleechanie cieee sekolah offline yaa?,1
bisa gk sih sekolah offline online sesuai mood ğŸ˜­ https://t.co/TtI1SFKAWN,0
Gemes banget ponakan udah mulai sekolah offline,1
Di antara heboh kerjaan dan anak mau sekolah offline tuhâ€¦ ğŸ¤¯ğŸ¤¯ğŸ¤¯ğŸ¤¯ğŸ¤¯,1
@rnjunchnle Ngantuk tapi harus sekolah offlineğŸ˜­,-1
@convomf Dah sekolah offline kh??,0
sumpah pengen sekolah offline biar dapet sanguuğŸ˜­ğŸ˜­,1
"@convomf Offline class rasa nya ga kaya sekolah biasa, gaenak anjr ğŸ˜­ğŸ˜­. Ngobrol gabisa, terus di gw juga gaada istirahat jadi emang cuman belajar terus pulang. Mau ngobrol sama temen duduk nya jauh jauhan, terus mana kek orang budek kalo mau ngobrol . Dahlah pengen offline aja ğŸ™ğŸ»",-1
@slrvrqueen Emng sekolah lu udh offline??,0
@peachgirlllllll Gimana Aii? Seru kan sekolah offline?,1
"@convomf Padahal enak sekolah offline, kmrn pas w ngambilin raport adek tiba2 jd flashback masa sekolah dan itu seru bgt woeeeeeğŸ˜­ kalo ada kesempatan pingin balik ke masa2 SMAğŸ˜­",1
"Heran liat anak sekolah yang sekolah ga pakek masker trs keluyuran. Jgn karena sekolah udah offline jd beranggapan keadaan udah baik2 aja napa sih lol. Covid itu belum selesai, apasih salahnya ikuti prokes. Sementang aturan udah diperlonggar bukan berarti semua nya baik baik aja!",-1
w udh sekolah offline tp pgn daring lg ahhhhh,-1
Sumpah kenapa pas sekolah offline malah numpuk woi tugasnya ğŸ˜­ğŸ˜­ğŸ’”,-1
"@convomf online study offline exam, hebat banget sekolah gue",0
@kayarayaaaaa @convomf Betul ntar d kasih online + offline sekalian siang malem sekolah apa gak meninggoy ğŸ˜âœŒ,0
@yournangel belum kak lagi sekolah offline,1
re: sekolah offline,1
jujur udah capek banget sekolah offline,-1
"@billkinp Pas masih sekolah offline 2019, di kantinku te jus udh 2k",1
@hiyykaruu Lagi kelas ? Sekolah offline kah?,0
kalian lagi sekolah kah? online pa offline?,0
"ini kaya nya indonesia sudah mulai normal ya, soalnya ada wacana sekolah sampe soreğŸ˜­

bukan nya ga suka, bersyukur bgtt
tapi aku sukanya kegiatan online. alias belum lulus cuy, deg degan gue sidang skripsi nya offlineğŸ˜­ğŸ˜­",-1
gue yang gak pernah excited sekolah offline........... sangat mnyesal https://t.co/OE3sTDV3H9,-1
pengen sekolah offline anj,1
"@convomf Bener anjir, sekolah offline cape bngt",-1
ğŸ¤ kalian yg kuliah/sekolah offline klo lgi belajar kalian nyalain lampur kamar gak?,0
"@convomf Offline malah kyk buang buang waktu, yg biasa nya bisa ku pake buat ngerjain tugas malah ada di sekolah. Klo misal guru nya masuk dtg jelasin materi gkpp, tpi masalahnya ada beberapa guru yg dtg cuma kasi tugas doang. Kadang ada guru yg tiap jam mapel beliau dipake bahas tatibğŸ˜©",-1
"@jaemcityx pagii makjii, aku udh mulai sekolah offline dongg hehee",1
"jujur y njir, aku ngga tau sekolah ku udah offline atau masih online ğŸ˜­ğŸ˜­",0
@songpoo_ dak jujur ga enak njr sekolah offline,-1
sama beli permen biruğŸ˜­ğŸ˜­ğŸ˜­tdi bingung beli permen biru apa bubblegum tapi permen biru favku dulu wktu skolah offline ya allah kangen jajan sekolah duluğŸ˜­ https://t.co/1YdK7hGyGv,1
@songpoo_ Udah mulai sekolah offline ya?,1
sch! SEKOLAH SENDER HARI INI HARLAH OFFLINE LAGI TAPI SAYANG GA BOLEH DI UPLOAD. FOTO2 NYAAA T_____T,1
ğŸ’™ kalian diijinin sekolah offline atau ngga??? kalo ngga alasannya kenapaaa,0
"@SeaHaee Tapi beneran sekolah itu sumber penyebaran penyakit ya...sejak sekolah offline, ga pernah tuh anak2 kena batpil..pdhl dlu bisa 2 bulan sekali gantian ke dokter gara2 batpil.. ğŸ˜‘ğŸ˜‘",-1
@convomf Gua dah lama offline betah kok pengen dibikin capek sama bolak balik sekolah dari pada capek ga ngapa ngapain di rumah,1
"@lluvveerr gess aku mau bilang, ntar selepas 14/11 mungkin aku sudah gak bakalan aktif lebih tepatnya udah sekolah offline dan aku asrama,,ahayyyy,, masih lama sih

yaaahh kira kira gitu translate jametnyağŸ˜Œ",1
"@keyshazzz gess aku mau bilang, ntar selepas 14/11 mungkin aku sudah gak bakalan aktif lebih tepatnya udah sekolah offline dan aku asrama,,ahayyyy,, masih lama sih

yaaahh kira kira gitu translate jametnyağŸ˜Œ",1
"Aku bangun pagi lalu pergi ke kamar adek dan ternyata dia hari ini sekolah offline, lalu pergi ke rumah tante tapi duo monyet dah ke rumah temennya. Pagi ini sangat membosankan, gaada yang bisa kuganggu. Mau ganggu mama yg berkebun pun pasti dimarahin:((",0
@rnjunchnle Pengin beli ini buat sekolah offline soalnya bateraiku boros bangettt ğŸ˜” https://t.co/CmFaPjWlJO,1
"Kekurangan sekolah offline sakit pinggang cug, cape duduk mulu",-1
"@teenyumd @sy4sh4kh4 gess aku mau bilang, ntar selepas 14/11 mungkin aku sudah gak bakalan aktif lebih tepatnya udah sekolah offline dan aku asrama,,ahayyyy,, masih lama sih

yaaahh kira kira gitu translate jametnyağŸ˜Œ",1
"[askrl] spill outer yang bagus buat seragam sekolah, dong
mau offline nih ğŸ¤©",1
Knp sekolah offline tuh klo istirahat bentar bgtğŸ˜­ bekel gua gk pernah abis klo bawaağŸ˜­ https://t.co/qDmrVh5j5h,-1
"@_cimory Nggak, sekolah offline sudah pulang",0
@convomf gue juga lebih ke sekolah online sih tapi gue ngerasa perlu untuk offline biar lebih berani karna sumpahh selama online gue jadi lebih kayak kurang pd trus takut buat bersosialisasi. makanya gue selalu bilang kediri sendiri LO HARUS ADA PERUBAHANğŸ˜­ğŸ˜­ gangerti jga ama diri sendiri https://t.co/MbmpcsvlJA,1
gatau aja yg lulusan c word pengen balik sekolah offline,1
mager bgt anying sekolah offline,-1
"adek gue pada sekolah offline, gue di rumah ga ngapa ngapain kuliah jg baru tar sore. berasa pengangguran anjir",0
"@mashiikaru daring tuh sekolah online klo ptm pelajaran tatap muka jd offline gtu, emank km sekarang ga kuliah kh kok berkeliaran",0
"@bertanyarl gue bngt kalo di sekolahğŸ˜­mana kelas gue ganti jadi ga nyampe sama wifi sekolah sad bgt akhirnya cuma buka galeri, atauga main game offlineğŸ˜­",-1
"sekolah offline 2 jam gerah banget anjir, mana gaboleh nyalain AC",-1
@convomf Sekolah offline berasa latihan militer,-1
"@convomf BETUL setiap sekolah offline bawaanya panic attack terus, bagusan online jdi rada tenang",-1
@busifess iyaa nder kynya pada mulai sekolah offline,1
"Jujur ya pas sma tuh kan gua 1,5thn ke potong Corona jadi online, emng enak sih online tapi lebih enak offline. Karna beneran kerasa bgt sekolah nya terus juga jadi punya kenangan gtu deh, klo bisa SMA lagi gua juga pengen Anying rasain jadi agit",1
kalian udh masuk sekolah offline blm?,0
"@LJmanager IYA KAK
Ini aku expo gitu kan, dari univ sm bimbel. Trs emg ada jadwal kita dtg ke sekolah. Aku kira expo nya bakal offline kl kita ke sklh, ternyata sama aja, ttp join zoomğŸ§˜",0
"@schfess dua duanya sih. online lebih ringan, materi ga nyampe kepala, tapi ada banyak waktu buat searching kembali materi yang diajarin. offline berat, tapi materinya masuk otak, cape setiap pulang sekolah muka selalu pucet...",0
Hari nie kalian pda sekolah online atau msih offline?,0
untung beberapa masih online kalo offline udah jadi korban bullyan nii fans MU di sekolah,-1
Hii moots!! Kalian udah mulai sekolah/kuliah offline ga? Aku ke kampus cuman buat praktikum ğŸ˜­,0
@ilenoirr Sekolah offline,1
"sekolah offline, biasanya jam 06.20 udh berangkat, tpi tdi jam 06.39 baru bangun(lagi), bisa""nya udh bangun jam 04.40 malah tidur lagi,hadeh tolol banget dhğŸ˜®â€ğŸ’¨untung kaga telat",-1
Males bngt sekolah offline,-1
@A_ChristyJKT48 Kalo sekolah offline udah ketinggalan bus sekolah nih,0
"@haeeeedarrrr Ngga,soalnya aku jawalnya sekolah offline",1
"morning semuaa!!aku sekolah offline today,kalian gmn?daring/offlineğŸ«‚",0
@convomf Makin kesini makin males sekolah offline anjir,-1
gue mau sekolah offline,1
"@rjchanyxw Sekolah Offline, udah nihğŸ˜",1
"FR sekolah gue gajelas bgt anyink, masa mau dibotakin ğŸ˜­ mending offline aja kalo gitu ğŸ˜­ https://t.co/WqPFLw3tok",1
"@txtdarigajelas Emang mendingan sekolah offline dah, onlen gini jd ga ada adab",1
aku mah dari awal dgr bakal balik sekolah offline langsung ga tenang hati https://t.co/MZV86y2gwk,-1
@imnoturfavv_ Eyy... Kamu sekolah offline yyy? Wkwkwk,1
"@sopechive Sekolah sih, but tidak offline hehe",-1
aku close dulu sampe nanti siangg soalnya hari ini sekolah offlineğŸ˜ƒ,-1
@rhmrnjn belum offline nih:( SEMANGAT SEKOLAH OFFLINE NYA YAA !!!,1
"@schfess Campur aja sie kayak sekolah ak
Seminggu 2 kali offline sesuai jadwal masingÂ², dicampur online buat mapel yang dirasa ga terlalu penting di kejuruan (kayak pkn, sunda, dll)
Jadi offline tuh fokus di mapel penting kayak mtk sama mapel kejuruan ğŸ‘ğŸ»",1
"sebenernya selama satu jadwal sama bestie ya, sekolah offline tuh asik https://t.co/7IACawjKw9",1
Kapann aku sekolah offline? ğŸ˜­ğŸ˜­ğŸ˜­ğŸ˜­ğŸ˜­,1
"@convomf giliran online katanya pengen offline, pas offline pengen balik online. ga usah sekolah aja yuk bisa yuk",0
pada sekolah offline  ya?,1
sekolah offline day 1 banyak jamkos nya,1
"tanyarl kalian risih ga sih kalo misal temen kalian ngomong gini? (konteks: sekolah adain event, ada 3 kegiatan beda dan setiap murid pilih 1. eventnya wajib dan offline sedangkan sekolah masih online) https://t.co/dJXaxq4zue",0
@nanajaemin2713 sekolah online offline nih?? btw udh sarapan lom?,0
@peachiesjeha sekolah online offline nih?? btw udh sarapan lom?,0
Sekolah udh offline tpi masih ada tugas video. It's another level of painğŸ¥²,-1
sekolah kalian offline atau online?,0
kalian sekolah offline atau online?,0
"bener bgt anjir. udah nolep, gpunya temen disekolah lagiğŸ¥². klo sekolah offline pusing bgt jujur https://t.co/sxUhqJCDzr",-1
"@HWidjanarka semangat guru memang terletak pada kehadiran muridnya ke sekolah seh,apalagi semenjak pandemi yang memaksa sekolah harus online, terus sekarang perlahan mulai kembali offline lagi rasane semangat mengajar langsung berlipat ganda. menurut ku seh seperti itu ğŸ˜…",1
sekolah offline/online?,0
sekolah offline tidak seseru yang di bayangkann.... https://t.co/Mr1R79MP7J,-1
@tennaddict semoga bisa sekolah offline lagi yapp,1
"@abcdefriendlyz hlow, udh sekolah offline? semangatt ğŸ’ªğŸ»",1
@E1O19 Offline apa online dah sekolah e? Tar gua udah bantu bikin alesan taunya offline,0
"p t the m, siapa yang sekolah offline? https://t.co/bhjxl90Wso",0
"Sekolah offline hari ini AAAAAA
Ak berapa kli bikin sekelas ketawa *pamer",1
"Agree, jujur sekolah offline sekarang ga enak idk why https://t.co/CvyUTWqe9n",-1
@TXTdariHunter sekolah online / offline?,0
"@H0URLYHAN MSLHNYA DI SEKOLAH SY TUH UDH OFFLINE.. CM SY SAKIT, JDINYA DARING",-1
eh kalian yang sekolah offline itu berapa jam?,0
@zhevaanee km sekolah ga? offline atau online nie?,0
"Sekolah offline,,, apakah sekarang saya tertarik?? Ohh tentu saja TIDAK.",-1
@sunflarfo semangatt ptm nya!! sekolah offline tp sesi 2 siang,1
mootssss kalian hari ini sekolah online atau offline? ğŸ§ğŸ§ğŸ§,0
@boongimork pasti sekolah offline,1
sekolah offline panasğŸ‘,-1
@feylise ooh sama dong besok aku jg sekolah offline! semangat sekolahnya yaa,1
"@bertanyarl lagi sekolah offline, tapi gurunya dari tadi gaada dan semoga jamkos wkwk https://t.co/AIMQh7Utcq",1
"@omnnivora Bangun, sekolah, offlineğŸ˜ŒğŸ˜ŒğŸ˜ŒğŸ™‚",-1
tgl 3 des bangtan konser offline gue sekolah offline tai,-1
kalian masih sekolah online / offline?,0
"morning,dari aku yang sekolah offline ğŸ’›",1
@markliioon UdahğŸ¥° dyaz udah sarapan belom? Hari ini aku sekolah offline ğŸ¤˜ have a nice day too dyazğŸ’—,1
kalian udh ada yg sekolah offline kah?,0
"@mathmallow Kalo ada class meet offline ntar yg bukan PO banyak yg jd korban buat ikut lomba, soalnya PO ga boleh ikut lomba di class meet. Kalo di sekolah ku si gitu, sekolahmu iya ga beb?",0
Pertama kli sekolah offline https://t.co/9VPDn5nlKY,1
@pearlforjeno_ sekolah online offline nih?? btw udh sarapan lom?,0
@sze_lxyc229 sekolah online offline nih?? btw udh sarapan lom?,0
@BucinnyaRenjun5 sekolah online offline nih?? btw udh sarapan lom?,0
@tenyuwmay sekolah online offline nih?? btw udh sarapan lom?,0
"pagiii..
buat yg sekolah offline SEMANGAT YAA!!ğŸ’—ğŸ’—âœ¨",1
@sunshinellaaa sekolah online offline nih?? btw udh sarapan lom?,0
@huangplanet sekolah online offline nih?? btw udh sarapan lom?,0
"@bonngbudi @_m0ndhs_ Hari ini aku kesekolahh, Kim sudah sekolah offline atau masih online Uncle?",0
"@doycoungt HALOO RINN AKSKSUSJSNS YAALLAH, gimana kabarnyaaa??? dhh sarapan lummm?? hari ini sekolah? daring? offline? kuliah? kerja? apapun itu semangatt rinnn!!!",0
@y00_rina11 hyonk kao sekolah offline tdk,0
"Paling males sekolah offline kyk gini, mana cuman 6 org",-1
@subschfess Aku malah semangat bgt sekolah offline ğŸ¥º,1
kalian hari ini sekolah offline/online?,0
asw besok sekolah offline,-1
Sch! Males banget hari senin sekolah offline:(((( https://t.co/DqLGm9ozxs,-1
@sakmashiro Semangat sekolah offline nya dek,1
@taesmileliketht bagian pjj aku. semangat sekolah offline nyaa !,1
aku agy sekolah offline,1
"@RustyRov ya klo emang lu mau males malesan mending bdr sih dim, tapi mau kerasa gak jenuh trs seru mending sekolah offline ğŸ˜„ğŸ§",1
aaaaa aku sekolah offline,1
aku yo ndak kuat nek sekolah offline:( https://t.co/kW9L7EwC5c,-1
"kalian yang sekolah offline, pulangnya jam berapa? ğŸ’­",0
sekolah offline/online?,0
"selamat pagi semuaaa
sekolah offline huft",-1
@mcflurrychokoo offline tapi sekolah siang,1
"@schfess Punyaa, waktu masih jaman sekolah offline, ak make lagu ini buat alarmğŸ˜“ğŸ–ï¸",1
@gabuniki Sekolah udah pada offline yakğŸ˜­ğŸ˜­ğŸ˜­ğŸ˜­ kalo gurunya ganteng inget kata tukang ayam bakar,1
"@miniecaa pagiii, semangatt sekolah offline nyaa. jangan deg deg an yaaa",1
@kimatchaju iya kan gw sekolah offline,1
"pagiiii, hari ini aku sekolah offline hari pertama. degÂ²an banget plisss ğŸ˜­",-1
Aw sy sekolah offline ğŸ˜,-1
"Pagi moots! Yg sekolah offline semangat, yg daring jangan tidur",1
"@Fenly_un1ty Morining kak fenâ¤ , ini lagi siap2 mau sekolah offline",1
"pagiii, buat yang sekolah offline semangat yaâ™¡",1
"@queennKrii sekolah offline kak pulang jam 12, di lanjut les jam 3 wahwahğŸ˜—",-1
@snikthbinn Semangat sekolah offlineğŸ™†ğŸ»â€â™€ï¸,1
First time sekolah offline jujur ga asik gada kakel,-1
sekolah online pengennya offline pas udah dikasih offline malah males malesan dasar aku,-1
"@convomf Iya, gw tiap minggu les sma sekolah offline jadi harus isi",0
@convomf beli soalnya buat sekolah offline,1
Aku sekolah offline hari inii,1
Sekolah offline kapan dibatalin dah gue capek bgt anjir offline cm buat ngabisin bensin dan kuota,-1
"morning moots, btw yg hari ini sekolah offline/online semangat ya!",0
"struggle pertama waktu itu kirain online ternyata offline, dah enak2 bangun jam 6 lebih taunya harus berangkat sekolah wkwk skrg malah kebalikannya.. kenapa seimbang gitu yaa :"") https://t.co/RuluFpsSE4",0
@convomf kalo lg sekolah offline aja,0
"Good morning~!âœ¨
Sekolah dah mulai kelas offline..
1 tahun lebih sama sekali belum kenalan ma yang lain di kelas.

PAIN",1
pada sekolah offline ga nich?,0
@bertanyarl sekolah offlineğŸ˜®â€ğŸ’¨,1
PENGEN SEKOLAH OFFLINE ğŸ˜­ğŸ˜­ğŸ˜­,1
"@hygge_ym u too, sekolah offline pts nih w",1
Akhirnya saya sekolah offline lagiğŸ˜ƒ,1
sekolah offline ğŸ˜¥ğŸ˜¥,1
ih temen temenku di sekolah lain udah pada offline hari ini keren,1
pada sekolah offline gasih?,0
"Adik aku jiwa malesnya luar biasa, dia gamau sekolah offline hiks kalo tetep dipaksa pasti ngelawan ampe main fisikğŸ˜­",-1
Pada sekolah offline ya?,0
Masih males malesan kalo mau sekolah offlineâ˜¹ï¸,-1
pagi guys aku sekolah offline,1
"good morning moots, hari ini aku sekolah offline. hdue padahal lagi pusing gegara bawaan dari flu btw jangan lupa mam yağŸ˜˜",-1
y allah lupa aku jam 7 offline meh whatever sekolah ku deket sama rumah ok aku mandi dulu,0
"Met gw Sekarang sekolah offline, doain y semoga gurunya gak nagih tugas https://t.co/15UGgrvUaE",-1
"wish me luck skrang sekolah offline, gue ga kenal siapa siapa ğŸ˜”",-1
oh wow adek gue (sma di jaksel) udah mulai sekolah offlineâ€¦,1
@laraseyaaa huaa semoga bisa cepet sekolah offline,1
Syukur blm sekolah offline,-1
schdkfks hari ini sekolah offline https://t.co/GLRSvhy5hp,1
"sch! kangen sekolah offline tanpa sesi sesi an ga si? :(

âœ„ãƒ»ãƒ»ãƒ»
ğŸ§ Trivia: Rumus harga keseimbangan pasar adalah Qd=Qs",1
"sch! gais pas dulu masih sekolah offline kalian paling sering kehilangan barang apa?? sharing dongs

âœ„ãƒ»ãƒ»ãƒ»
ğŸ§ Trivia: Stratifikasi terbagi menjadi stratifikasi terbuka, tertutup, dan campuran.",0
kalian sekolah offline gak??,0
anjir dah masuk minggu sekolah offline,-1
adekku sekolah offline owowoow aku juga takut sekolah offline masalahnya hp ku belum selesai!!!,-1
"@Fenly_un1ty Morning ko, siap dong ko kan hari ini sekolah offline",1
"hari ini sekolah offline

and do you know pren,Â¿Â¿

GUE LUPA CARA MAKE DASI UEUEUE ğŸ˜­ğŸ˜­ğŸ˜­ğŸ˜­ğŸ˜­ https://t.co/CctvZAtYUw",-1
"SALAMAT PAGI,SEMANGAT BAGI YANG SEKOLAH OFFLINE,YANG KAGA YAUDAH SEMANGAT JUGAğŸ¥°",1
Hari ini masuk sekolah offline lagi hiksssrothh malas,-1
Mager banget sekolah offline,-1
@TXTdariHunter sekolah offline / online?,0
yg sekolah offline jgn lupaa sarapan ya!!,1
sekolah offline/online?,0
ow yey aku sekolah offline,1
"Sekarang sekolah offline , yey ğŸ˜’",1
sumpah gue makin sini makin males sekolah offlineğŸ˜­ğŸ˜­,-1
"Sekolah, offline ğŸ˜” https://t.co/ahcjEq6eWO",1
Ngantuk tapi ada sekolah offline,-1
Sekolah offline ğŸ˜ƒğŸ˜ƒğŸ˜ƒ,1
Hari pertama sekolah offline adik adik,1
"gue mau sekolah offline, taejin live dulu donk biar smangat",1
"pagii, selamat sekarang gue otw sekolah offline hufttt",-1
"ah shitt nyesel banget dulu pengen sekolah offline, enakan sekolah online",-1
Aduhh hari ini saya sekolah offline,-1
Bye bestie nanti sekolah offlineğŸ™ğŸ»,1
"@snikthbinn Tidakk, sekolah offline nanti pagii",-1
"sch! kalian kalo sekolah offline masa sekarang itu jadwal pelajarannya gantiÂ² ga?, kalo gantiÂ² biasanya diumumin jadwal barunya h- berapa hari/jam?",0
"ugh udah lama ga keluar rumah jadi terbiasa ga berinteraksi sama org lain selain keluarga dirumah.
semoga sekolah offline ga buruk :( tp takut bgt plis",-1
belum tidurrr perkara nanti gue sekolah offline jadi tugas ekonomi harus tuntassss emng syalann battttt https://t.co/JU03MlT6zt,-1
@moonareas Nanti sekolah online apa offline?,0
@blossomlng_00 Enak yah sekolah uda offline .. ini aku aja meeting masih onlenğŸ˜”ğŸ˜”,1
"Ini gw bisa selesai sampe jam berapa deh, MANA PAGINYA GW SEKOLAH OFFLINE",-1
SEKOLAH OFFLINE SOALNYA,1
@enha1luvs tak tahu ada class ke tak sebab kan i dah sekolah offline but i group a so this week study sendiri je kot ğŸ˜­,-1
besok udah mulai sekolah offline dan pasti ini gue ga berhenti salting because crush gue satu kelas gatau besok kalo ajak dia ngobrol harus ngomong apa hahaha,1
PAS MAU SEKOLAH OFFLINE KOK MALAH GABISA TIDUR?!?!?!?!,0
bsk sekolah offline tp gabiss tidur sekarang,0
gabisa tidur gw oh baru inget tadi gw hbs minum kopi. mana besok sekolah offline kesiangan kn gk lucuğŸ˜”,-1
"dikit, tapi kalo sekolah offline jam tidur ku langsung rapi banget https://t.co/UDSrxHdIXk",1
Besok masuk sekolah offline moga entar pulang sekolah pas buka Twitter langsung dapet congrats Aminin dulu aja dah,1
"Hai kamu penghabis gratis sms waktu lalu :)
Apa kabar? udah lama ga jumpa ya 
Gaada maksut apapun cuma heran aja dulu kita ngobrolin apa aja si sampai gratisan 5000 sms gacukup sehari
gratisan nelpon 2jam aja kurang
Kok bisa gitu loh, padahal dulu masih samaâ€ sekolah offline",0
baru lihat jadwal sekolah offline hari senin pulang jam 1 siang aaaaağŸ˜­ğŸ˜­ğŸ˜­ğŸ‘ŠğŸ»,-1
sekolah offline tuh butuh apa ya..,0
kalo lagi ga males + ga sekolah offline sih iya https://t.co/XnwSfRdFOB,-1
@schfess aku dah jarang pake gc udah offline jd ya kumpul sekolah semua,1
bsk sekolah offline tapi seragam w masih di ember alias yaa masih di air rendeman ğŸ¤¨,0
@schfess aku udh ga pake google classroom lagi nder alias udh sekolah full offline ğŸ™ƒ,1
ngopo kudu h-1 sekolah offline,0
"Ga kebayang kalo sekolah offline, gimana nasib fans MU di sekolah mana besok senin",-1
"@sjaeyunwolf masalah nya besok aku sekolah offline jadi di kumpulin, ga keburu kalo pagi ngerjain nya",-1
"klo abis ini sekolah offline trs gimana ya, tbh gue blm bnrn siap. pake sesiâ€ an aja gue nyiapin mentalnya seminggu",-1
bsk gue sekolah offline mlsss,-1
Besok gue sekolah offline :)) mager bnget :)),-1
OMGG besok sekolah offline,-1
"Mending tidur dah, besok pagi sekolah.. mana udah offline daripada ngantuk ngantuk di kelas.",-1
Sekolah offline padahal belum pada vaksin here we go ğŸ˜— https://t.co/ulIVTSh86G,-1
"ra bayangke aku dadi rafi rabbani,sesok pertama sekolah offline andang wes di ece konco2ne",1
aku akan tidur ğŸ˜‡ karena besok sekolah offline ğŸ¤¢ğŸ¤¢ğŸ¤¢ğŸ¤¢ğŸ¤¢,1
BARU SADAR BESOK GUE SEKOLAH OFFLINE AAAAğŸ˜­ğŸ˜­,-1
"tanyarl siapa yg besok sekolah offline??????
huhu harus mandi pagi mana sender bsk ada apalan kimia :(",-1
besok gue sekolah offline ğŸ˜±ğŸ˜±ğŸ˜±,1
sumpah ya sekolah offline bikin stress,-1
"FISIKA FAK BGT LAHH, NGGA NGERTI APA APA, GURUNYA MASUK SEMINGGU SEKALI NGEJELASINNYA NGGA DETAIL, EH DIKASIH ULANGAN TERUS NJIRR MANA SEKOLAH OFFLINE KIT HEART AKUU UDA DUA KALI DAPET NILAI RENDAH",-1
eh laaahh males bgt sekolah offline padahal biasanya gw semangat,-1
ohiya bsk pd sekolah offline ya.... pantes teel sepi bngt,1
Ini kapan aku sekolah offline nya ???,1
"jam segini aku lagi degdegan mau ngehadapin senin besok, padahal kalo dipikir pikir sekolah online lebih santai, mandi gak mandi gak kelihatan, sarapan tinggal ke dapur bawa ke kamar, jamnya juga dipotong setengah. kok dulu pas jaman offline aku biasa aja ya...",-1
guru ak gjls bru ngasi jadwal jam segini buat besok sekolah offline ğŸ™„ğŸ™„,-1
"ğŸ’­ umm guys, besok hari pertamaku sekolah offline sebagai murid baru. can u guys cheer me up? tiba-tiba aku takut banget ga punya temen... â˜¹",-1
"@schfess itu arusnya gede banget busett ga heran kebakar, kabel yg parallel ditengah itu ilangin coba.. untung ga percobaan offline, hangus ntar sekolah ğŸ˜‚",0
"Kerja yang dilakuin online ada ga ya? Aku masih minor, baru kelas 10 dan offline. Kalo kerja offline / langsung keknya gabisa, karena bentrok sama sekolah, tugas dan les :(",0
malem ini gue nyoba ga ambil tidur jadi pas udah pagi langsung sekolah offlineğŸ˜‰,-1
@ENHYPEN_members Kak besok aku sekolah offline ğŸ˜­ğŸ˜­,-1
udah baru baru ini pas udah sekolah offline https://t.co/1IO0GAFl6W,1
Lucu banget liatin anak remaja exciting besok dah mulai sekolah offline,1
"lebih 5 WKWKKWKWWK NOLEP BAT YA GUA DULU, skrg gak karna udh sekolah offline https://t.co/aieWZg3im2",1
sekolah anya lucu bgt offline sebulan sekali,1
"@cutycheol aku miskin, belom sekolah offline gaada uang jajan WKWKKWğŸ™ˆ",-1
kenapa harus sekolah offline sih kan aku malas bangun pagiğŸ˜”ğŸ™,-1
besok kalian sekolah nya online apa offline?,0
@ninindyyy_ besok sekolah offline:(,-1
Ngespace yuk @hyunjiniegf @Rxxdl_ Eh lu besok sekolah offline gak?? Kalau sekolah offline gak usah wkwk,-1
"besok sekolah offline, trus foto ijazah. gpp deh, soalnya jadwal foto ijazahnya pagi, mukaku belom berubah jadi ladang minyak",1
dh tidur dulu bsok sekolah offline...,1
@jjevianadhy @jnandaradhy besok adek sekolah offline???,0
"hai, besok kalian sekolah offline or online ğŸ¤”",0
Besok sekolah offline dan aku mules rn:),1
"dulu pas offline bangun tidur ku terus mandi, sekarang online bangun tidur langsung sekolah",0
Ngedudel dulu sebelum besok stress dengan sekolah yang mulai offline sama deadline commission.. https://t.co/kYkR09zfOn,-1
"Dari pagi tuh udah bantuin masak buat tahlil mama sama ayah terus siangnya zoom, angkat jemuran, nyapu ngepel, sorenya pergi buat nobat pas pulang nobar juga masih harus bantuin beres beres rumah nenek. Besok pagi harus nyuci baju segunung, si adek juga besok sekolah offline:)",1
@kth_official_ besok sekolah... offline,1
via setiap cerita aku iya iyain aja biar cepet dahlahhh skrng uda sma ah gaseru jir kenapa aku telat sii nahloh skrng aku bingung mau curhat nct ke siapa. ngga sih lebih ke kayak enakkkk ga si dulu pas sekolah offline cerita nyambung sm chairmate. mianhae viağŸ™ğŸ»ğŸ˜­,1
"engga, besok sekolah offline https://t.co/JKHf1vQ5s5",1
@lauvskyu Semangat fayyğŸ’ªğŸ» bsk aku juga sekolah offline:') kyu titip salam sama aku katanya kangen kmu https://t.co/JTdm6BECvw,1
"@Imyourbeeeee Kalo sekolah offline kan palingan capek punggung sama capek mikir, soalnya didepan layar terus. Kalo capek olahraga itu lebih bokin ngantuk, apa ya kaya lu buat sekedar bangun dari kasur sampe gaada tenaga terus mata sampe berat banget rasanya harus tidur saat itu juga",-1
Besok mulai sekolah offline lagiiiğŸ˜€,1
"@giiegiw maless bangett, aplgi besok gue sekolah offline ğŸš®ğŸš®ğŸš®ğŸš®ğŸ’ªğŸ»ğŸ’ªğŸ»ğŸ’ªğŸ»ğŸ’ªğŸ»",-1
Btw besok aku sekolah offline,1
"@schfess Pas sekolah SMA 350k / minggu subsidi uang jajan diluar sekolah 400k HAHAHAHA
Kuliah karena offline sih belum tau sebulannya berapa semoga dapet banyak dah ğŸ¤²ğŸ» pas offline cuman subsidi uang jajan 2 minggu 600k sama kuota 300k / bulan",0
"@lobiotion Haha minggu kemaren aku udah offline 2 hari plus sabtunya ekskul capek bgt ternyata, keknya aku udah lupa gimana rasanya sekolah offline",-1
"besok tuh
1. giliran gue yg sekolah offline 
2. tugas 2 minggu yang lalu belum pada kelar 
3. gue ngantukann
4. point nomor 1 https://t.co/g1XytlbDPU",0
"Kgn sekolah offline kek dulu,, bilang nya sakit pdahal ikut tryout Akbar di sekolah Laen hahahaha",1
BESOK AKU SEKOLAH OFFLINE,1
@jenoleeowner sekolah offline tapi selang seling,0
@jenoleeowner sekolah offline,1
Kalian udahh sekolah or kuliah offline gakk??,0
ajg besok sekolah offline ajggg,-1
@atmajayaindraa Gw besok masih sekolah online dar minggu ini doang gw offline,0
"Guee tidur duluaan ya moots , besok sekolah offline jadi harus bangun pagii heheh good night mootss ğŸ’«ğŸ˜´",1
sp yg bsk sekolah offline cungâœ‹ğŸ»,1
"@bertanyarl alhamdullilah nggak gitu semenjak sekolah offline, jadi walaupun di luar rumah tetep bisa scroll tl hahah",1
"@bluecloveren nggakk. mksdnya pgn sekolah dari rumah ke sekolah..ttp offline nomer 1 karena kalo onlen masuk kuping kanan keluar kuping kiri.......
BLMMM. yg kata waktu itu ada foto amuro pake baju kid tuh buat anime apa manga sih? sama DC juga dah rilis 100 volume ya?",1
"Aku pengen beli online streaming yang di LA nanti, tapi itu mulainya hari jum'at jam 10. Jam 10 masih jam sekolah belum lagi nanti sekolah kena jadwal offline ğŸ˜­ hadu :(",-1
@bertanyarl Prefer sekolah online apa offline?,0
menurut kalian kalo sekolah setengah online setengah offline gini enaknya bikin acara apa? ğŸ¤,0
TERUS BESOK GUE SEKOLAH OFFLINE,1
"duhh bisa gasi gausah offline gitu, mager banget gue besok sekolah ish..",-1
@atmajayaindraa Iya aku sekolah offline,1
"@Reikamiravh_ sekolah offline ğŸ˜“ğŸ˜ğŸ˜µğŸ˜¶ğŸ¤•
bestie online ğŸ˜ğŸ˜ğŸ˜‹ğŸ˜ğŸ’—ğŸ˜»",-1
@convomfs Lebih suka sekolah offline/online? Kenapa?,0
Bisa ga sih sekolah offline tapi kalo ulangan onlineğŸ˜­,1
"Itu yang berharap sekolah offline, semangat belajar atau malak duit orang tua",1
"@futsabl cape bgt buset sekolah/kuliah offline, dari ketemu terbit ampe terbenam tu matahari",-1
"besok aku dah offline, kayaknya sekolah ku telat ga sih baru offline besok hahaa",1
"@worstfu WKWKWKWKWKWK gua seminggu dua kali only sekolah jadi yah tiap minggu harinya ganti, gkpp bersyukur bisa offline ğŸ‘ğŸ¼",1
konteks : sekolah offline https://t.co/eLtEDKZZg1,0
"kapan aku sekolah offline, di php terus",1
@tteonumochi baguss deh! aku jg baik ğŸ˜ iyaanie sekolah ku udh offline dri lama soalnya udh banyak tugas berceceran aosksjsjshsh,-1
BESOKK KALIAN SEKOLAH OFFLINE APA ONLINE BESTIEE???,0
"@sugga Engga, besok jadwal sekolah offline ğŸ˜­",-1
Besok kalian sekolah online or offline???,0
"@xrjniee sekolah aku dah offline, tapi akunya udh nyaman sekolah onlineâ˜¹ï¸ğŸ˜­",-1
"@convomfs bulan ini masih nder, nov/des udh ngak daring lagi, karna sekolah ku itu baru, jdi blum byk murid nya, jdi nya offline trs",1
@jiiejiiema Sekolah offline jinkğŸ˜¤,-1
"@desperadroo No offense â€¦ tnya aja, apakah ini efek anak2 sekolah offline yg ga taat prokes? Srba slh sbg ortu lbh enak anak ke sekolah, tp disekolah anaknya pd buka masker colek2an ingus",-1
"keseringan sekolah online, besok dah mulai sekolah offline tiap hari ğŸ˜­ğŸ˜ƒğŸ‘ gk tiap hari juga sih",1
"run run besok senin ğŸƒğŸ»â€â™€ï¸ğŸƒğŸ»â€â™€ï¸ğŸƒğŸ»â€â™€ï¸ğŸƒğŸ»â€â™€ï¸
btw pada sekolah offline gaa? ğŸ™€ğŸ™€",0
Besok senin sekolah offline huaaa,-1
"Staff aku biasanya bebudak cuti sem atau lepas spm.

so member sekolah diorang kerap la dtg. so bila aku serve dengan ramahnya, muncullah beberapa soalan belakang aku.

""manager kau gay ke?""

kau mintak topup ngan aku, aku cakap offline",0
Aku capek sekolah offline..,-1
"bingung, kalo sekolah offline enak si bisa paham materinya karena dijelasin langsung, tapi kalo online belajarnya bisa sambil duduk, rebahan, mau gaya apapun ya gapapa soalnya ga oncamğŸ‘ https://t.co/ujvn6B2Zoj",1
"@BTS_twt Hai kak Yoon, aku kembali:) Aku lagi badmood banget gara2 tugas sekolah yang susah nya minta ampun, jadi males ke skolah nya juga, kalo tugas belum di kerjain tuh suka kepikiran terus, ada masalah lain juga yang bikin aku males sekolah offline, ya karena aku baru masuk SMK sama",-1
@convomf Lebih suka sekolah online atau offline??,0
aeh yang offline live stream tu time sekolah la wehğŸ˜“ğŸ˜“ğŸ˜“ğŸ˜“,0
besok sekolah offline plis akdgsksgsjs,1
"besok harusnya aku sekolah offline, tapi malah diliburinğŸ˜­",1
besok sekolah offline :),1
ya allah besok sekolah offline,-1
besok ak sekolah offline,1
@liflousm IHH SAMAKK mana kalo sekolah offline gupek trus takut ada yg kelupaan,-1
WOI BESOK SEKOLAH OFFLINE ANJIRT GMN INI,-1
males sekolah offline tp pgn ktmu temen,-1
"kapan weyy sekolah offline gaada shift""an???ğŸ˜© gw pengen ngehapus semua materi,e-book, ama foto"" pelajaran yg di hp",1
"@armyfess_ coronces nder. jadinya online, kan muridnya banyak jadi gak bisa ngatur semua kayak sekolah offline. gini deh hasilnya",0
AAAA BESOK GILIRAN GW SEKOLAH OFFLINE,-1
Mau keliatan keren gitu sekolah nya hybrid online offline tapi malah bikin pembelajaran g efektif,-1
"bes kan aku udh masuk sekolah offline, tpi rambut aku di warnain gtu, tpi kok ga di marahin ya? kaget pas baru masuk knp guru aku ga marahin suruh ganti warna itemğŸ˜€",1
Wkwkkwâ€¦ bsk gue sekolah offlineâ€¦,1
@bertanyarl alhamdulilah semenjak sekolah offline kuota sedia selaluğŸ¥°,1
gueee besok sekolah offline ğŸ˜­ğŸ˜­ males,-1
besok sekolah offline ga?,0
@BTS_twt JIMIN AK TAKUT BGT SEKOLAH OFFLINE BSK....,-1
"@yuksambes Nggaaa :((
Besok ke sekolah wawancara nyaaa, jadi offline
Terimakasih banyak yaaaa &lt;3 !!!!!!!!",1
Lahh anak sekolah udh pada offline ya,1
@y0uurssp IYA ANJIR MANA GUE SEKOLAH OFFLINE,-1
besok kalian sekolah offline / online?,0
BESOK SEKOLAH OFFLINE ANJJJ,-1
@axxrra Bisa ga sih sekolah offline ulangan online ğŸ˜”,0
Senin bsok ada yang sekolah offline?,0
"yang bener aja... paginya sekolah offline, sorenya masih dilanjut daring :)",-1
@liunaayy sekolah?offline aku udah sekolah offline,1
@jajkesim IBU NGARA MANA IJININ KALO OFFLINE. Smg sekolah gw offline sem 2 aja lah,1
"Besok udah Senin aja, mana gue sekolah offline lagi. https://t.co/rP68DccauW",-1
AAAAAAARGH MANA PAS HARI KEEMPAT PTD ON STAGE AKU SEKOLAH OFFLINE,-1
gws inten offline sekolah offlineğŸ˜­ğŸ˜­ğŸ˜­,-1
bts untung bsok w gk offline klo offline w kayanya di sekolah linglung,-1
ponakan gw mau masuk sekolah offline omgğŸ˜±,1
Waaaa besok saya sekolah offline ğŸ¤­,1
@convomfs Gatau gua dari awal SMA smpe sekarang blom ngerasain sekolah offline,0
seneng ada streaming buat offline konser tapi kenapa yang hari terakhir ğŸ˜­ aku sekolah hei yaampun mo nangis ğŸ˜­,-1
"sekolah offline bermula . gimana ya , tugas gue masih numpukkkkkkkkkkkkkkk",-1
"Ko gua seneng bgt ya bsk sekolah offline wkwkw, karna untuk pertama kalinya sekelas masuk tp kelas misah ğŸ˜¢",1
besok sekolah offline... sial,-1
ya Allah...aku sekolah offline pas pelajaran mtk..,-1
"@oxzward semangattt chryss, enak kokk sekolah offline",1
"@schfess aku sebenernya suka belajar, suka nyatat, suka interaksi sm guru pas sekolah offline. terus aku juga gapunya keahlian khusus nder, semua skill yg aku punya dangkal semua &amp; general bgt, jd menurt aku, aku perlu kuliah spya bisa nemuin spesialisasi aku dibidang apa cocoknya",1
kalian besok sekolah offline atau daring nie?,0
"Besok sekolah roster nya kimia pku pjok anjayyy gua blm buat karya apapun buat pku besok 
Gua blm siap sekolah offline gua udh terlanjur nyaman sekolah online",-1
"Pertama kali bertugas offline sekolah minggu lagi, jadi perlu diabadikan.ğŸ’",0
full sekolah offline ğŸ˜ğŸ˜ğŸ˜ğŸ˜ğŸ˜ btw malem,-1
"besok senin hwaaa
mana besok sekolah offline, jadi petugas upacara lagi ğŸ˜©âœ‹ğŸ»
kalian sekolah offline apa online besok ??",0
"@Zizizeeeee @sbmptnfess Hai kak izin bertanya, kalo ikut lomba online gini memang sertifikat nya bisa dipakai ya kak untuk membantu snm? saya kira harus lomba offline dan diatas lomba antar sekolah. .",0
besok sekolah offline......,1
siapa yg besok sekolah offline???!!!,0
besok sekolah offline lah ğŸ˜­ğŸ˜­ğŸ˜­ğŸ˜­ğŸ˜­,1
"@mychocohazelnut @diandraistifa_ Zaman itu hp itu mahal jaringan lelet juga, bisa buka google cuma di warnet. gue kan sekolah offline dari jam 7 sampai jam 2 nih masa gue tiap pulang sekolah cuma ke warnet? Kalo lu bilang alasan gue lucu why? Yang di tonton ada tv, baca koran, majalah, buku bukan buka google",1
Besok sekolah offline ğŸ˜—,1
"besok aku mulai sekolah offline, hufttt
kembali ke dunia yang kejam lagi.",-1
Tas ransel buat yg mau sekolah offline https://t.co/VTmjn9rFT1,0
@bertanyarl Dulu pas sekolah offline kadang suka kasian sama mereka grgr suka minta hotspot :))),0
besok sekolah online/offline ?,0
"kalian sekolah offline berapa kali seminggu?
aku sekarang udah 4 kali semingguğŸ˜­ agak tidak ikhlas hatikuğŸ˜­",1
besok sekolah offline https://t.co/3gAxqUbVXD,1
mau sekolah offline cok,-1
Kayaknya sekolah gw mau offline gagal mulu anying. Astagfirullah,1
besok sekolah offline :),1
"@raitellie saya mlh bosan pas udah offline ini
mana skrg udah 3 hari an sekolah dlm 1 minggu
jd makin bosan + krg ada waktu nge twt",-1
BSK SEKOLAH OFFLINEğŸ˜­,-1
eh aduh besok sekolah offline ğŸ’”,-1
"@theonly_ice engga sih, soalnya juga aku udah mulai sekolah offline &amp; kalau nugas siang siang jadi kelarnya kalau ga sore ya malem. makanya akhir akhir ini tidurnya cepet, bisa jam 7/8 udah ketiduran",1
"@convomfs masuk bk, hs, mabok, bolos mapel semasa sekolah offline dulu",-1
"besok sekolah offline. dari lubuk hatiku yg paling dalam aku males bgt heyyeheje soalnyaaaa AKU BEDA SESI SM TEMEN DEKETKU. takut aja jadi anak pendiem trs dighibahin ""alea kayanya anak yg cupu bgt ya""",-1
sekolah offline ada istirahat nya gaksi?,0
Buat lu semua yang punya pasangan maba / sekolah mulai offline gw cuma ingetin jagaa karna para maba itu udh jadi jatah kating..borgol kalo bisaa ilanggg udh ikhlass lu ditinggal wkwkw waktunya OVERTHINKING GUYSSS,1
"Ni sekolah mau online atau offline sama aja anj, sama"" bnyk tugas",-1
@tiyariri_17 Tiati buat maba yang udh masuk kuliah / sekolah offline kating nya jadi saingan lu siap2 tahan ditikungan wkwk,1
@spreadourwingss sibuk banget parah. sekolah offline sekarang setiap hari ğŸ˜µ,-1
bsk first day gue sekolah offline ğŸ˜©,-1
GUE TAKUT SEKOLAH OFFLINE HELP ğŸ˜­,-1
@convomfs 9/10 karena tadi sekolah offline,1
"@alwaysshimj @enhypen_fess Sekolah lain udah offline, kita doang keknya yg masih daring :)",1
"SchApp! wtp guys sender senin besok sekolah offline 100%ğŸ˜œğŸ¥°

âœ„ãƒ»ãƒ»ãƒ»
ğŸ§ Trivia: Karena hambatan jenis kawat mengalami perubahan saat suhunya berubah, maka hambatan listriknya pun akan mengalami perubahan saat suhunya berubah.",1
@hyunsuklvoebot Iya btw senin udh pad sekolah offline kampus gw juga udh si Dari kemarin tapi kaya bete aja udh senin,-1
Apa yg hrs ak lakukan ketika mingdep sekolah offline?ya tentu saja minta jadwal oprasi ahwhwhwhwh,1
besok senin besok senin sekolah offline AAAAAK TIDAK,-1
@mamabeomkyu wkwk ga kak dyn aja aku juga jompo akibat sekolah offline :'( mogu lucu bgt kaya nama kucing tetangga ku!!!,-1
"@pakdirga yahh, gue udah sekolah offline sih",-1
"â˜ï¸ aku besok dah mulai sekolah offline nih,kalian masih online atau udah offline?",0
omg baru inget klo besok sekolah bagian offline :'),1
@convomf Gue sekolah offline njir,-1
Besok sekolah offline lagi #LouisActuality,1
"Knp baru sekolah offline temenÂ² gw pada bikin sg sm pcrnyağŸ™‚
Lah gw sm siapa??
//PelukHassun",1
"Mari liat concert,  lupakan soal sekolah offline besok",0
GUE GADA SEPATU SEKOLA GIMANA BESOK SEKOLAH OFFLINE,-1
sekolah offline cape juga yaa :),-1
kalian udah sekolah offline?,0
#INTROVERTs kalian prefer sekolah/kuliah online atau offline? sebutkan alasannya,0
@bertanyarl Hp gue aja dari 2018 baru ganti di akhir tahun 2020 krna udah retak parah dan memori nya pada saat itu kecil gabisa nampung banyak apalagi pas bgt sekolah offline tugas video banyak dan mau uprak jadinya dibeliin baruğŸ˜‚,0
BESOK AK SEKOLAH OFFLINE,1
"ya Allah hamba gamau sekolah offline, bisakah engkau meng onlinekan lagi sekolah hamba? hamba mohon ya Allah, hamba cape hamba takut...",-1
Pose terakhir kayak abg baru sekolah offline trus ketemu temen-temennya https://t.co/81woCdeSAS,1
"@txtmyeuphoria gapapa, semangat sekolah offline nyaa YAAğŸ’—ğŸ’—",1
@sakmashiro jangan diingetin plis besok sekolah offlineğŸ˜­,-1
"hai gaiss maaf banget aku jarang aktif:(
ak udh sekolah offline, dan ternyata tugasny malah nambah aja
tpi diusahain bakalan aktif kok, jangan unfol sayaa oke:(",-1
"aku mah bakal ngasih duit buat beli paketan mandiri, asal tiap hari dikasih uang saku kayak biasanya pas masih sekolah offline ğŸ˜‚ gabakal minta uang buat beli paketan akutuh kalau bisa ngumpulin uang sendiri hasil dari uang saku sehari-hari",1
kalian sekolah/kuliahnya udah offline apa masih online?,0
"Besok aku sekolah offline, yeahh",1
@mascarboon Kalo sekolah dah banyak offline cuma ada beberapa daerah yg zona merah,1
"@orangegurlx sama kok udh offline cuma seminggu sekolah seminggu daring, oke oke semangaaaat juga kamu ğŸ˜ğŸ–¤",1
besok Senin gue sekolah offline ğŸ˜§ğŸ˜§ğŸ˜§ğŸ’ªğŸ»ğŸ’ªğŸ»ğŸ’ªğŸ»ğŸ¤¸ğŸ»â€â™€ï¸,-1
"@ruanguci ganba ucii~ aku tau kok rasanya sekolah offline setelah sekian lama online, males-",-1
BESOK GUE OFFLINE SEKOLAH MASALAH NYA LUPA YA ALLAHğŸ˜­,-1
sekolah lo udah offline atau masih online?,0
"besok aku sekolah offline ğŸ˜ tapi kayaknya besok ga ada kbm deh, cuma ada acara debat sama pemilihan osis, oh iya, doain aku ya biar kepilih jadi anggota osis ğŸ˜",1
besok sekolah offline woo mana sesi 2 ):,1
besok sy sekolah offlineğŸ˜â˜ï¸,1
"@collegemenfess siap, ngeliatin anak"" sekolah udah pada offline sedangkan gue maish di rumah aja jjur w iri",1
"gue gabisa sarapan dah, langsung mules. apalagi pas jaman jamannya sekolah offline gitu, tpi sekarang sekarang ini mah ya bisa bisa aja lah tpi skit perut dikit",0
"@karinbigwin Masih sekolah offline juga pas waktu itu, jadi g on 24/7 ğŸ˜­ğŸ˜­",1
"katanya muridÂ² mau dites pcr random 15 orang buat penentuan 100% sekolah offline ... plis semoga negatif semua, aku rindu uang jajan.",1
Maless banget besok sekolah offline ğŸ’”,-1
@waferxzy lo dah sekolah offline blm el,0
@FairyAsahi_ tata udah sekolah offline belum,0
"@convomf bisa santai, rebahan sebelum sekolah offline",0
gais kalian udh benerÂ² sekolah offline??,0
"â˜ï¸ gua mau curhat sedikit. jdi gua belakangan ini udah mulai sekolah offline, dan gua bingung krna gua mau ikut masuk tpi this anxiety bothers me. gua harus gmna? fyi org tua gua kga tau gua punya anxiety, selama ini gua cuma konsul ke halo doc",1
"andai dia kek dulu sebelum sekolah offline, ngejar nilai iya tapi juga ada waktu buat aku, kesannya egois? yes ikr tp gapapalah kan cuma â€œandaiâ€ padahal kita cuma temenan HAHAHAH lucu bgt ;DDDD",0
@qorygore semangat sekolah offline https://t.co/4Oz3TXOtEH,1
"mau puas""in baca au mumpung lagi sekolah online, ntr klo udah offline gabakal pnya bnyk waktu buat baca au",-1
Gara gara sekolah udh mulai offline gatau hrus up apa,1
@convomfs sekolah online or offline?,0
sekolah offline tugas malah makin kececer anj,-1
"aaa akun ini mulai ga ke uruss :(( sibuk sekolah offline akutuu, sampe rumah langsung tidurr skskksjs",-1
"SMA NJINK ğŸ˜­ğŸ‘ŠğŸ˜” 
*dalam konteks sekolah offline beserta masa dan kenangannya* https://t.co/L5lB3hFvNp",-1
"@schfess Sekolah online capek mental
Sekolah offline capek fisik

Dahla jadi rumput aja",-1
@Alleria3110 kayaknya kalau sekolah offline bakal banyak kasus bullying gara gara bocil nonton tokrev dah,-1
"@A_ChristyJKT48 Aku lagi memikirkan sesuatu.karena di hari rabu aku ada ulangan Matematika,dan sekolah aku udah offline.jadi aku harus memikirkan strategi untuk mendapatkan jawaban dari google..hehehe
Canda canda",1
"ini semenjak gue sekolah offline perasaan seminggu cepet bgt dha, masa udah minggu lagi aja gajelas",0
"gue beneran deh pengen bgt ngerjain sesuatu tanpa nyontek, kalo sekolah offline terus enak anjir gada yang nyontek",1
"Gk tau, yg penting sekolah offline https://t.co/E0MZ8gLRiW",1
"kangen musim hujan pas sebelum corona, apalagi musim hujan pas sekolah offline",1
"@bertanyarl pernah, karena udah mulai offline jadi besok pas sekolah takut ngga ada temenğŸ˜­ temen gue dah pergi sama geng barunya hahha",-1
@convomf besok aku mau beli hp gue yang udh sekolah OFFLINE IWWW PANAS BGT GUE GAMBAR yang udh sekolah offline,0
"@bertanyarl please banget sekolah ku baru aja offline, itu pun terbatasğŸ˜­",1
"@ourchanie Boleh boleh ajaa udah sringg, sekolah kan offline online jdi gapapaa",1
@bertanyarl kl sekolah offline kisaran 400an tp blm termasuk kl mau ngemall gt2,1
"@bertanyarl 300 kalo ga sekolah
klo sekolah offline 1.050",1
ketika orang orang seneng sekolah offline gua di sini gemetaran ga bisa tidur wkwkwkwkwk... ğŸ˜¢,1
Kalau sekolah offline kadang jam 4 udah bangun https://t.co/Q17Wp3uxRL,1
sebenernya yg bikin males kalo sekolah offline tuh cuma ngejar kereta doang :(,-1
"tp gmna ya gue gini jg ggr ada tanggungjawab lain kaya tugas sekolah, club, etc. pas buka genshin bawaannya udah cape duluan jadinya cuma daily commis :/ mau sih bisa puas puas main tapi ya mana skg udah sekolah offline juga...",-1
@l33_y0u 14 kayaknya? tapi itu pas sekolah offline sih... semenjak online school ga dikasihtau rankingnya selain yang 10 besar sjdjdjsjjds,0
"@yourmilkeuty aku ikut seneng klo kak minji sehat, wkwkw ngga kok hari ini sampe kmrenÂ² blom ada yang bikin nangis, skrng beneran lagi seneng. seminggu sekolah offline trus duit nya ku beliin pc kevin jadi kaya duh kaya kebahagiaan banget gak sie, trus besok libur kaya dah lah senengğŸ˜€",1
knp semenjak sekolah offline jam tudur gua balik kek dulu si. masa jam segini mata uda berat bngt ğŸ˜­ğŸ˜© gua mau begadang oi mau baca au sampe malem â˜¹ï¸,-1
"@mattchac @tubirfess Kalo pake masker terus sih gpp ya kalo menurut aing 
Tapi plisss dongg sekolah/kuliah ini ayok offline ğŸ˜­ğŸ˜­ğŸ™
Sedih aku tuh daring muluuk
Gegara covid gk selesaiÂ², jadi gak offlineÂ² anjri",1
pentingnya sekolah offline full senin-jumat ampe jam 4 gunanya biar org2 kagak aneh eps nctzen,1
"@bertanyarl Dan setelah ngelakuin sholat 5 waktu ""aja"" do'a ku satu persatu terkabul, muali dari aku pengen sekolah offline, terus pengen dicerdas kan otak nya dalam hal akademik maupun non akademik (ini beneran diturutin, aku do'a ini pas sholat subuh, dan pas udah jam 9 aku ngerjain tugas-",1
"@seoyaaaaa Alhamdulillah, aku baik kak tapi ya gitu semenjak sekolah offline jadi susah main twt hikss",-1
"@imarmarwatih Jadinya kuliah di cirebon, udah mulai offline kuliah dia. Pamit sekolah terakhir kelas 2 SMA tau-tau udah kuliah aja, hahaha",0
senin udah offline tapi aku belum beli sepatu sekolah :))))),1
mau sekolah offline...,1
sekolah offline bikin aku jadi gendut,1
ya Allah weekend...gue blm siap sekolah offline lagiiii,-1
"@l0eydust bener sie, aku jd semangat sekolah offline gegara ada crush WKWKWWKWK tapi minderrr",1
"""assalamualaikum murid murid harini kita kelas offline sebab cikgu ada urusan kat sekolah..."" https://t.co/RZMy9WrSng",1
kak ell udah sekolah offline kah? â€” udah 3 minggu gue sekolah offline https://t.co/ApAdRbopKO,0
gatau kenapa tapi sekolah offline tuh bikin capek bgt,-1
Dah sekolah offline jdi tambah sibuk,-1
aku sedang gelisah krn selasa dan rabu masuk sekolah offline dan aku blm hafal yg hrs dihafalin,-1
@jakegrlfrnd AAAAA KAK RANI SEKOLAH OFFLINE LAGI KAPAN?,0
@infobdg gapapa min sy lebih suka sekolah offline,1
Grgr libur sekolah offline seminggu jadi gapengen sekolah offline lagi gxbsnanajsjjss nyaman dirumahğŸ˜­ğŸ˜­ğŸ˜­,-1
"Siap-siap buat sekolah offline mvs
 https://t.co/Ns3fovXURb",1
"@filzterpjm Udh diijinin sm sekolah, kemarin jumat juga udh pramuka offline. Udh mulai sekolah offline juga",1
"aku tuh.. umur 15 tahun, tinggi 164 merasa udah tinggi banget, cukup lah gitu seenggaknya buat anak seumuran ku. tapi kenapa pas sekolah offline aku kalau liat temen2ku dongak ya.... mereka makan apa selama pandemi ini... padahal temenku rata2 setahun di bawah ku ã… ã… ",0
"@bertanyarl Tadi sekolah offline tapii ga pelajarann):
Tau gitu aku bocan dirumahğŸ˜¤",-1
@txtdaripelajar Aaa kangen sekolah offline,1
"@JE0N9KYU @convomf Itu wktu SDğŸ™‚
Padus pas SMA
Dan waktu masi sekolah offline blm ada kopit",1
@EdukaSystem Sekolah offline tapi lebih suka ujiannya online ğŸ¥°,1
"@EdukaSystem Sekolah offline, ulangan online ğŸ˜ƒğŸ‘",1
akhirnya sekolah offline ğŸ¤£ğŸ¤£ğŸ¤£,1
jujur cape si tapi cape kaya ga berasa gituuuu. sekarang udah mulai offline sekolah  aku nya udah keburu lulus padahal pengen offline,1
"lebih suka sekolah offline atau online nih? kenapa?

â¬â¬",0
"@tubirfess Padahal baru aja seneng liat anak2 sekolah pada offline, ngerasa ya Allah dunia udh terasa normal lagi",1
"@tubirfess gimana mau beradaptasi ya sama ini virus, tiap beberapa bulan kayanya ada varian baru terus. Gak berharap bisa lepas masker kaya sebelum COVID, tapi berharap banget sekolah/kuliah offline karena gua ngerasanya kaya percuma ini bayar kuliah tapi gak masuk materinya ğŸ˜­ğŸ˜­ğŸ˜­",1
"tolong cptcpt sekolah offline tiap hari aja pls, biar uang jajan sy double sm sisa ongkirğŸ¤¸ğŸ»â€â™€ï¸",1
ğŸ’­ hari senin-sabtu sender sekolah offline full &lt;/3,1
mau jual pc buat beli kacamata ğŸ˜© ku sekolah offline papan tulis burem terus,0
@gp999menfess di korea udh sekolah offline? kalo udh bisa jdi sekolah breng kya izone dulu diliatin di reality show nya,1
"Hal yang aku rada kurang suka sekolah offline_-
""Kita sekolah nih, pelajaran biasa kadang kasih latihan soal disana. Pas pulang nih, tengok-tengok handphone ada aja tugas dari jadwal pjj. Ngeselin betoolllllll lah_-""",-1
@convomf konteksnya kalo sekolah ketemu offline https://t.co/nJbYp7kIAj,1
"@cbobamilk karena sekolah online gak sih jadi pada gaib? tapi kan sekarang udah mulai offline, nanti muncul lagi!",1
"@FWBESS Pernah lah, soalnya panaas bgt kalo sekolah offline",-1
@mandala_tiga EMG JAHAT BGTTTT jam segitu aku masi di sekolah huhuhu jadwalnya offline T___T,0
@convomf Apalagi kalo lagi sekolah offline ğŸ˜­ğŸ˜­,-1
@bertanyarl penjarakan Luthfi Hasan Ishaaq dan Ahmadiyah di Cikeusik Pandeglang Banten dan Jawa barat Indonesia yg ini gan ane mau jual mobil bekas Toyota kijang Innova diesel yang udh sekolah offline ada di dalam tubuh manusia yang tidak bisa di download di sini adalah salah,0
Gk tau apa ini cuma q aja atau orang lain kyk gini jg.Dulu waktu aku sekolah masih offline selama guru jelasin materi baik itu lisan atau ppt aku pasti selalu ikutin mulut gurunya ngomong apa trs setelah itu aku catet apa aja yang ada diotak ku jd lebih cpt paham materinyağŸ˜Œ https://t.co/xV4UZ4lCFk,1
rela sekolah offline tiap hari kalo gituğŸ˜¶ğŸ¦µğŸ»,1
@jaemcityx Bismillah nyangkut buat persiapan sekolah offline,1
"@convomfs udah sekolah offline belum? kalo udah, gimana sekolahnya?",0
@underratedgurlx Sekolah offline the best,1
"@sitikusminik gue dah offline semua, jdi ya capek sekolah doang si. kirain udh offline, lu dah ngekos lagi ga si?",-1
"-rl enaknya sekarang langsung daftar les mandarin atau desember siap ujian? 

sejauh ini aku bisa ikutin pelajaran sekolah dan tugas sih jadi ga bakal terganggu. anw aku sekolah sampai sabtu dan les mandarinnya offline 2-3 hari. makasih sarannya!",1
"Sekolah offline yang zonk bukan cuma murid lur, tapi gurune juga. #bukanmaen",-1
"Dan skrg juga, sekolah kan online.. bagiku tugas sekolah online ini 2x lipat atau 3x lipat dari sekolah offline, aku juga ngerasa di kelas 11 ini tugasÂ² jauh lebih bnyk drpd pas aku kelas 10.. (+)",0
kyknya semenjak sekolah offline udh pada jrg aktif di twitter sih HSHSH,-1
"@ShopeeID #DITRAKTIRMIMINSHOPEE
ini min wishlist aku, hehe sering bgadang jadi kantong mata item, sekolah offline dn pke masker jdi jidat belang wkw
Wishlist
- SOMETHINC Holyshield sunscreen comfort corrector serum SPF 50+ PA++++
- SOMETHINC GAME CHANGER Tripeptide eye concentrate gel 20m https://t.co/4DHkf037qJ",0
"aduh, besok senin sekolah offline. padahal sekolah aku di jogja, dom ku klaten. nglaju deh ğŸ˜«ğŸ‘‹",-1
sebelum sekolah offline mari kita menjadi babu sekolah dulu https://t.co/k81REMjeOy,0
Sekolah offline sudah tiba. Saatnya memulai kebiasaan belajar yang baru yang tentunya jauh lebih baik dari sebelumnya.. https://t.co/3mkJWjkeEt,1
Yrl ada info kerja daerah Sidoarjo (Jawa timur) yang offline? Lagi BU banget mau bantuÂ² ortuğŸ™ btw buat yang masih sekolah kalau bisa ğŸ™,0
"[LIVE REPORT SEKOLAH BINAAN 2021]  

Sedang berlangsung program kerja Sekolah Binaan secara offline di SDN 1 Kedungbanteng dengan tema ""Lawan Covid dengan Gerakan 6M""

Divisi Pengabdian Masyarakat
HIMA KBMKM UNSOED
#LenteraJingga https://t.co/mkyyjnGUHf",0
"@urdaddyismad Too niel, Sksksk sekarang aku sekolah offline",1
"@Shax__Kii sabar ya, sekolah nya online apa offline?",0
Gurunya nyereminğŸ˜¬ jadi takut kalo mindep sekolah offline nanti:),-1
kamu sekolah offline egk mniezz??,0
sekolah offline....,1
"@sbxmachiato udah sarapan dan udah mandi karna sekolah offline, lo juga jangan lupa yaa",0
"Ya Tuhan, besok sekolah agama offline aku gamau presentasi ğŸ˜­",-1
"@jegiannnnn__ bukan 0 sih, tapi udh mau zona ijo katanya, semoga aja gak naik lagi, emang kmu dom mana? udh sekolah offline kan?",1
"@CHOl_SAN_ @prkdlx Nanti pulang sekolah ya, aku lagi ngajar offline.",0
Males bgt sekolah offlineğŸ˜­ğŸ˜­,-1
@peachwzrl_ Bener banget :(. Aku dulu waktu masih sekolah offline kalo sarapan perut gak enak jadi makan jam 10 an sekalian istirahat.,0
